,Date,Time_GPATS,Unknown1,Lat_GPATS,Lon_GPATS,Unknown2,ID,Lat_IG,Lon_IG,FFDI,Fuel type,Time_IG,Lat_diff,Lon_diff
24,2008-01-01,02:20:32,198.0,-37.225849,148.247491,-15.8,D564704,-37.2248,148.2963,19.22,High Elevation Woodland grass,14:35:00,0.0010489999999947486,0.04880900000000565
32,2008-01-01,02:34:31,148.0,-37.199165,148.29961,-32.099998,D564704,-37.2248,148.2963,19.22,High Elevation Woodland grass,14:35:00,-0.025635000000001185,-0.003309999999999036
36,2008-01-01,02:34:31,244.0,-37.186209,148.331544,-15.0,D564704,-37.2248,148.2963,19.22,High Elevation Woodland grass,14:35:00,-0.03859100000000382,-0.035244000000005826
40,2008-01-01,02:36:50,693.0,-37.235561,148.304711,-26.200001,D564704,-37.2248,148.2963,19.22,High Elevation Woodland grass,14:35:00,0.010760999999995136,-0.008410999999995283
44,2008-01-01,02:36:50,763.0,-37.225806,148.332419,-40.799999,D564704,-37.2248,148.2963,19.22,High Elevation Woodland grass,14:35:00,0.0010059999999967317,-0.036118999999985135
48,2008-01-01,02:38:14,131.0,-37.233553,148.298907,-37.200001,D564704,-37.2248,148.2963,19.22,High Elevation Woodland grass,14:35:00,0.008752999999998679,-0.0026070000000117943
52,2008-01-01,02:38:14,190.0,-37.226296,148.335159,-29.6,D564704,-37.2248,148.2963,19.22,High Elevation Woodland grass,14:35:00,0.001495999999995945,-0.0388590000000022
56,2008-01-01,02:38:14,263.0,-37.230444,148.29833,-16.4,D564704,-37.2248,148.2963,19.22,High Elevation Woodland grass,14:35:00,0.005643999999996652,-0.0020299999999906504
60,2008-01-01,02:39:23,825.0,-37.225229,148.317887,-28.9,D564704,-37.2248,148.2963,19.22,High Elevation Woodland grass,14:35:00,0.0004289999999969041,-0.021587000000010903
64,2008-01-01,02:39:23,851.0,-37.184197,148.253565,-9.6000004,D564704,-37.2248,148.2963,19.22,High Elevation Woodland grass,14:35:00,-0.040603000000004386,0.042734999999993306
68,2008-01-01,02:39:23,905.0,-37.203036,148.308743,-31.9,D564704,-37.2248,148.2963,19.22,High Elevation Woodland grass,14:35:00,-0.021764000000004557,-0.012442999999990434
72,2008-01-01,02:41:10,158.0,-37.21848,148.313201,-9.6999998,D564704,-37.2248,148.2963,19.22,High Elevation Woodland grass,14:35:00,-0.006320000000002324,-0.016900999999990063
76,2008-01-01,02:41:10,179.0,-37.213,148.332866,-6.1999998,D564704,-37.2248,148.2963,19.22,High Elevation Woodland grass,14:35:00,-0.01180000000000092,-0.03656599999999344
84,2008-01-01,02:43:32,758.0,-37.23619,148.30819,-24.799999,D564704,-37.2248,148.2963,19.22,High Elevation Woodland grass,14:35:00,0.011389999999998679,-0.011889999999993961
88,2008-01-01,02:43:32,767.0,-37.231293,148.314956,-8.8000002,D564704,-37.2248,148.2963,19.22,High Elevation Woodland grass,14:35:00,0.006492999999998972,-0.0186559999999929
92,2008-01-01,02:47:40,258.0,-37.231983,148.285723,13.8999996,D564704,-37.2248,148.2963,19.22,High Elevation Woodland grass,14:35:00,0.007182999999997719,0.010577000000012049
513,2008-01-01,03:38:47,91.0,-37.535072,148.089429,5.80000019,D564741,-37.5735,148.1143,19.46,Temperate Grassland / Sedgeland,16:00:00,-0.03842800000000324,0.024870999999990318
573,2008-01-01,03:46:46,584.0,-37.604294,148.10554,-14.8,D564741,-37.5735,148.1143,19.46,Temperate Grassland / Sedgeland,16:00:00,0.03079400000000021,0.008759999999995216
577,2008-01-01,03:47:32,716.0,-37.618422,148.094172,-21.299999,D564741,-37.5735,148.1143,19.46,Temperate Grassland / Sedgeland,16:00:00,0.044921999999999684,0.0201279999999997
593,2008-01-01,03:48:10,454.0,-37.621572,148.136338,-14.5,D564741,-37.5735,148.1143,19.46,Temperate Grassland / Sedgeland,16:00:00,0.04807199999999767,-0.022038000000009106
633,2008-01-01,03:50:18,324.0,-37.535245,148.068939,-6.6999998,D564741,-37.5735,148.1143,19.46,Temperate Grassland / Sedgeland,16:00:00,-0.038254999999999484,0.04536099999998555
829,2008-01-01,04:03:06,447.0,-37.52378,148.085576,-8.1999998,D564741,-37.5735,148.1143,19.46,Temperate Grassland / Sedgeland,16:00:00,-0.04972000000000065,0.028723999999982652
965,2008-01-01,04:13:54,503.0,-37.533137,148.073749,-29.4,D564741,-37.5735,148.1143,19.46,Temperate Grassland / Sedgeland,16:00:00,-0.04036299999999926,0.040550999999993564
1101,2008-01-01,04:19:47,940.0,-37.592982,148.092612,-10.1,D564741,-37.5735,148.1143,19.46,Temperate Grassland / Sedgeland,16:00:00,0.019481999999996447,0.021687999999983276
1141,2008-01-01,04:22:26,963.0,-37.577147,148.066051,-6.4000001,D564741,-37.5735,148.1143,19.46,Temperate Grassland / Sedgeland,16:00:00,0.0036469999999937386,0.04824899999999843
1185,2008-01-01,04:23:29,854.0,-37.599646,148.127139,-62.5,D564741,-37.5735,148.1143,19.46,Temperate Grassland / Sedgeland,16:00:00,0.026145999999997116,-0.012839000000013812
1189,2008-01-01,04:23:29,996.0,-37.600691,148.12631,-28.6,D564741,-37.5735,148.1143,19.46,Temperate Grassland / Sedgeland,16:00:00,0.027190999999994858,-0.012010000000003629
1193,2008-01-01,04:23:30,90.0,-37.616267,148.142269,-11.1,D564741,-37.5735,148.1143,19.46,Temperate Grassland / Sedgeland,16:00:00,0.04276699999999778,-0.02796900000001301
1245,2008-01-01,04:25:49,100.0,-37.612708,148.075232,-8.0,D564741,-37.5735,148.1143,19.46,Temperate Grassland / Sedgeland,16:00:00,0.039207999999995025,0.039067999999986114
1249,2008-01-01,04:26:26,387.0,-37.591491,148.104439,-42.400002,D564741,-37.5735,148.1143,19.46,Temperate Grassland / Sedgeland,16:00:00,0.017990999999994983,0.009860999999972364
1253,2008-01-01,04:26:26,448.0,-37.594772,148.097688,-49.799999,D564741,-37.5735,148.1143,19.46,Temperate Grassland / Sedgeland,16:00:00,0.021271999999996183,0.016611999999980753
1257,2008-01-01,04:26:26,543.0,-37.598541,148.09956,-14.9,D564741,-37.5735,148.1143,19.46,Temperate Grassland / Sedgeland,16:00:00,0.02504099999999454,0.014739999999989095
1261,2008-01-01,04:26:26,642.0,-37.594347,148.096569,-45.200001,D564741,-37.5735,148.1143,19.46,Temperate Grassland / Sedgeland,16:00:00,0.020846999999996285,0.01773099999999772
1265,2008-01-01,04:26:26,735.0,-37.595816,148.099454,-21.4,D564741,-37.5735,148.1143,19.46,Temperate Grassland / Sedgeland,16:00:00,0.02231599999999645,0.014845999999977266
1269,2008-01-01,04:26:26,809.0,-37.590962,148.098475,-36.599998,D564741,-37.5735,148.1143,19.46,Temperate Grassland / Sedgeland,16:00:00,0.01746199999999476,0.015824999999978218
1273,2008-01-01,04:26:26,918.0,-37.592473,148.099429,-25.299999,D564741,-37.5735,148.1143,19.46,Temperate Grassland / Sedgeland,16:00:00,0.018972999999995466,0.014870999999999412
1285,2008-01-01,04:27:00,314.0,-37.552472,148.112351,-9.0,D564741,-37.5735,148.1143,19.46,Temperate Grassland / Sedgeland,16:00:00,-0.021028000000001157,0.0019489999999962038
1289,2008-01-01,04:27:00,322.0,-37.541699,148.07885,-8.8000002,D564741,-37.5735,148.1143,19.46,Temperate Grassland / Sedgeland,16:00:00,-0.03180100000000152,0.03544999999999732
1293,2008-01-01,04:27:17,290.0,-37.571542,148.122396,-58.900002,D564741,-37.5735,148.1143,19.46,Temperate Grassland / Sedgeland,16:00:00,-0.0019580000000019027,-0.008096000000023196
1297,2008-01-01,04:27:17,678.0,-37.584549,148.131404,-14.5,D564741,-37.5735,148.1143,19.46,Temperate Grassland / Sedgeland,16:00:00,0.011048999999999864,-0.01710400000001755
1301,2008-01-01,04:27:29,190.0,-37.595595,148.13607,-17.799999,D564741,-37.5735,148.1143,19.46,Temperate Grassland / Sedgeland,16:00:00,0.022095000000000198,-0.02177000000000362
1309,2008-01-01,04:27:50,954.0,-37.594956,148.132884,-17.0,D564741,-37.5735,148.1143,19.46,Temperate Grassland / Sedgeland,16:00:00,0.021456000000000586,-0.018584000000004153
1313,2008-01-01,04:27:50,991.0,-37.582443,148.076175,-10.8,D564741,-37.5735,148.1143,19.46,Temperate Grassland / Sedgeland,16:00:00,0.008942999999995038,0.038124999999979536
1317,2008-01-01,04:27:51,26.0,-37.59809,148.117506,-15.6,D564741,-37.5735,148.1143,19.46,Temperate Grassland / Sedgeland,16:00:00,0.024589999999996337,-0.0032060000000058153
1321,2008-01-01,04:27:51,140.0,-37.594944,148.134208,-9.8999996,D564741,-37.5735,148.1143,19.46,Temperate Grassland / Sedgeland,16:00:00,0.021443999999995356,-0.019908000000015136
1325,2008-01-01,04:27:51,208.0,-37.603987,148.143012,-10.4,D564741,-37.5735,148.1143,19.46,Temperate Grassland / Sedgeland,16:00:00,0.030486999999993714,-0.02871200000001295
1333,2008-01-01,04:27:51,314.0,-37.59838,148.114809,-15.4,D564741,-37.5735,148.1143,19.46,Temperate Grassland / Sedgeland,16:00:00,0.024879999999996016,-0.0005090000000222972
1337,2008-01-01,04:27:51,339.0,-37.598099,148.115202,-18.700001,D564741,-37.5735,148.1143,19.46,Temperate Grassland / Sedgeland,16:00:00,0.02459899999999493,-0.0009020000000248274
1341,2008-01-01,04:27:51,639.0,-37.594262,148.136059,-12.4,D564741,-37.5735,148.1143,19.46,Temperate Grassland / Sedgeland,16:00:00,0.020761999999997727,-0.02175900000000297
1345,2008-01-01,04:27:51,725.0,-37.573287,148.084032,-4.9000001,D564741,-37.5735,148.1143,19.46,Temperate Grassland / Sedgeland,16:00:00,-0.00021300000000223918,0.0302679999999782
1357,2008-01-01,04:28:20,52.0,-37.574002,148.124322,-29.9,D564741,-37.5735,148.1143,19.46,Temperate Grassland / Sedgeland,16:00:00,0.0005019999999973379,-0.010022000000020626
1361,2008-01-01,04:28:20,159.0,-37.586547,148.164111,-10.2,D564741,-37.5735,148.1143,19.46,Temperate Grassland / Sedgeland,16:00:00,0.013047000000000253,-0.04981100000000538
1365,2008-01-01,04:28:20,229.0,-37.580052,148.144986,-32.400002,D564741,-37.5735,148.1143,19.46,Temperate Grassland / Sedgeland,16:00:00,0.006551999999999225,-0.030686000000002878
1369,2008-01-01,04:28:20,265.0,-37.583752,148.144886,-16.6,D564741,-37.5735,148.1143,19.46,Temperate Grassland / Sedgeland,16:00:00,0.010251999999994155,-0.03058600000002798
1373,2008-01-01,04:28:35,101.0,-37.560672,148.092554,-5.6999998,D564741,-37.5735,148.1143,19.46,Temperate Grassland / Sedgeland,16:00:00,-0.012828000000006057,0.02174599999997895
1385,2008-01-01,04:28:58,155.0,-37.58393,148.143464,-39.299999,D564741,-37.5735,148.1143,19.46,Temperate Grassland / Sedgeland,16:00:00,0.010429999999999495,-0.029164000000008627
1389,2008-01-01,04:28:58,184.0,-37.583159,148.1461,-13.3,D564741,-37.5735,148.1143,19.46,Temperate Grassland / Sedgeland,16:00:00,0.009658999999999196,-0.03180000000000405
1393,2008-01-01,04:28:58,356.0,-37.598018,148.152907,-10.2,D564741,-37.5735,148.1143,19.46,Temperate Grassland / Sedgeland,16:00:00,0.024518000000000484,-0.03860700000001316
1429,2008-01-01,04:29:32,938.0,-37.56366,148.109584,-18.6,D564741,-37.5735,148.1143,19.46,Temperate Grassland / Sedgeland,16:00:00,-0.009840000000004068,0.004715999999973519
1433,2008-01-01,04:29:53,147.0,-37.593041,148.105283,-26.799999,D564741,-37.5735,148.1143,19.46,Temperate Grassland / Sedgeland,16:00:00,0.0195409999999967,0.009017000000000053
1437,2008-01-01,04:29:53,241.0,-37.588949,148.119503,-13.7,D564741,-37.5735,148.1143,19.46,Temperate Grassland / Sedgeland,16:00:00,0.015448999999996715,-0.005203000000022939
1457,2008-01-01,04:30:26,605.0,-37.595883,148.08476,-15.6,D564741,-37.5735,148.1143,19.46,Temperate Grassland / Sedgeland,16:00:00,0.02238299999999782,0.029539999999997235
1461,2008-01-01,04:30:42,308.0,-37.579512,148.115174,-53.099998,D564741,-37.5735,148.1143,19.46,Temperate Grassland / Sedgeland,16:00:00,0.006011999999998352,-0.0008740000000102555
1465,2008-01-01,04:30:42,425.0,-37.581335,148.113897,-30.0,D564741,-37.5735,148.1143,19.46,Temperate Grassland / Sedgeland,16:00:00,0.007835000000000036,0.00040299999997728264
1469,2008-01-01,04:30:42,455.0,-37.580296,148.107924,-30.1,D564741,-37.5735,148.1143,19.46,Temperate Grassland / Sedgeland,16:00:00,0.006795999999994251,0.006375999999988835
1473,2008-01-01,04:30:42,506.0,-37.579271,148.114637,-33.599998,D564741,-37.5735,148.1143,19.46,Temperate Grassland / Sedgeland,16:00:00,0.005770999999995752,-0.0003370000000018081
1477,2008-01-01,04:30:42,546.0,-37.582923,148.11371,-24.4,D564741,-37.5735,148.1143,19.46,Temperate Grassland / Sedgeland,16:00:00,0.009422999999998183,0.0005899999999883221
1481,2008-01-01,04:30:42,597.0,-37.580868,148.128574,-43.599998,D564741,-37.5735,148.1143,19.46,Temperate Grassland / Sedgeland,16:00:00,0.007367999999999597,-0.014274000000000342
1485,2008-01-01,04:30:42,651.0,-37.580826,148.111641,-15.6,D564741,-37.5735,148.1143,19.46,Temperate Grassland / Sedgeland,16:00:00,0.0073259999999990555,0.002658999999994194
1489,2008-01-01,04:30:42,712.0,-37.582415,148.118344,-24.1,D564741,-37.5735,148.1143,19.46,Temperate Grassland / Sedgeland,16:00:00,0.008914999999994677,-0.004044000000021697
1493,2008-01-01,04:30:52,937.0,-37.564265,148.066915,-10.1,D564741,-37.5735,148.1143,19.46,Temperate Grassland / Sedgeland,16:00:00,-0.009235000000003879,0.04738499999999135
1501,2008-01-01,04:31:11,36.0,-37.618934,148.088894,-13.4,D564741,-37.5735,148.1143,19.46,Temperate Grassland / Sedgeland,16:00:00,0.045434000000000196,0.025405999999975393
1505,2008-01-01,04:31:11,152.0,-37.597472,148.07652,-17.299999,D564741,-37.5735,148.1143,19.46,Temperate Grassland / Sedgeland,16:00:00,0.02397200000000055,0.037779999999997926
1509,2008-01-01,04:31:16,864.0,-37.566565,148.139161,-41.099998,D564741,-37.5735,148.1143,19.46,Temperate Grassland / Sedgeland,16:00:00,-0.006935000000005687,-0.024861000000015565
1525,2008-01-01,04:31:39,777.0,-37.584979,148.105313,-17.6,D564741,-37.5735,148.1143,19.46,Temperate Grassland / Sedgeland,16:00:00,0.011478999999994244,0.00898699999999053
1529,2008-01-01,04:31:39,963.0,-37.58287,148.122614,-35.0,D564741,-37.5735,148.1143,19.46,Temperate Grassland / Sedgeland,16:00:00,0.009369999999996992,-0.008314000000012811
1537,2008-01-01,04:31:57,537.0,-37.583775,148.074247,-10.2,D564741,-37.5735,148.1143,19.46,Temperate Grassland / Sedgeland,16:00:00,0.010275000000000034,0.04005299999997192
1541,2008-01-01,04:31:57,614.0,-37.598051,148.072108,-18.4,D564741,-37.5735,148.1143,19.46,Temperate Grassland / Sedgeland,16:00:00,0.024550999999995327,0.04219200000000001
1549,2008-01-01,04:31:57,801.0,-37.597427,148.069048,-26.4,D564741,-37.5735,148.1143,19.46,Temperate Grassland / Sedgeland,16:00:00,0.023927000000000476,0.04525199999997653
1553,2008-01-01,04:31:58,165.0,-37.5977,148.065079,-25.299999,D564741,-37.5735,148.1143,19.46,Temperate Grassland / Sedgeland,16:00:00,0.024200000000000443,0.049220999999988635
1561,2008-01-01,04:32:19,333.0,-37.582137,148.087632,-11.6,D564741,-37.5735,148.1143,19.46,Temperate Grassland / Sedgeland,16:00:00,0.008637000000000228,0.02666799999997238
1565,2008-01-01,04:32:57,362.0,-37.55771,148.11669,-60.200001,D564741,-37.5735,148.1143,19.46,Temperate Grassland / Sedgeland,16:00:00,-0.015790000000002635,-0.002390000000019654
1569,2008-01-01,04:32:57,424.0,-37.57924,148.085947,-16.9,D564741,-37.5735,148.1143,19.46,Temperate Grassland / Sedgeland,16:00:00,0.0057399999999958595,0.02835299999998142
1577,2008-01-01,04:32:57,508.0,-37.563535,148.089461,-11.6,D564741,-37.5735,148.1143,19.46,Temperate Grassland / Sedgeland,16:00:00,-0.009965000000001112,0.024838999999985845
1589,2008-01-01,04:32:57,644.0,-37.563628,148.088955,-15.6,D564741,-37.5735,148.1143,19.46,Temperate Grassland / Sedgeland,16:00:00,-0.009872000000001435,0.025344999999987294
1593,2008-01-01,04:32:57,717.0,-37.561851,148.096164,-9.0,D564741,-37.5735,148.1143,19.46,Temperate Grassland / Sedgeland,16:00:00,-0.011649000000005572,0.018135999999998376
1601,2008-01-01,04:33:26,476.0,-37.619616,148.153904,-12.1,D564741,-37.5735,148.1143,19.46,Temperate Grassland / Sedgeland,16:00:00,0.046115999999997825,-0.03960400000002551
1609,2008-01-01,04:33:26,588.0,-37.597827,148.092258,-12.5,D564741,-37.5735,148.1143,19.46,Temperate Grassland / Sedgeland,16:00:00,0.024326999999999543,0.022041999999999007
1617,2008-01-01,04:33:57,709.0,-37.564037,148.08599,-22.700001,D564741,-37.5735,148.1143,19.46,Temperate Grassland / Sedgeland,16:00:00,-0.009463000000003774,0.0283099999999763
1621,2008-01-01,04:33:57,769.0,-37.59017,148.074523,-16.0,D564741,-37.5735,148.1143,19.46,Temperate Grassland / Sedgeland,16:00:00,0.016669999999997742,0.03977699999998663
1637,2008-01-01,04:34:56,705.0,-37.544961,148.086781,-46.799999,D564741,-37.5735,148.1143,19.46,Temperate Grassland / Sedgeland,16:00:00,-0.02853900000000209,0.027518999999983862
1641,2008-01-01,04:34:56,792.0,-37.560961,148.113404,-61.0,D564741,-37.5735,148.1143,19.46,Temperate Grassland / Sedgeland,16:00:00,-0.012539000000003853,0.0008959999999831325
1645,2008-01-01,04:34:56,946.0,-37.553081,148.108625,-24.200001,D564741,-37.5735,148.1143,19.46,Temperate Grassland / Sedgeland,16:00:00,-0.020419000000003962,0.005674999999996544
1649,2008-01-01,04:34:57,175.0,-37.562849,148.158183,-6.5,D564741,-37.5735,148.1143,19.46,Temperate Grassland / Sedgeland,16:00:00,-0.010651000000002853,-0.04388300000002232
1653,2008-01-01,04:34:57,253.0,-37.568273,148.119817,-10.4,D564741,-37.5735,148.1143,19.46,Temperate Grassland / Sedgeland,16:00:00,-0.005227000000004978,-0.005517000000025973
1661,2008-01-01,04:35:14,32.0,-37.572896,148.148416,-46.299999,D564741,-37.5735,148.1143,19.46,Temperate Grassland / Sedgeland,16:00:00,-0.0006040000000027135,-0.03411600000001158
1665,2008-01-01,04:35:14,427.0,-37.566286,148.148022,-9.5,D564741,-37.5735,148.1143,19.46,Temperate Grassland / Sedgeland,16:00:00,-0.007214000000004717,-0.033722000000011576
1669,2008-01-01,04:35:28,213.0,-37.546835,148.080931,-7.9000001,D564741,-37.5735,148.1143,19.46,Temperate Grassland / Sedgeland,16:00:00,-0.02666500000000127,0.03336899999999332
1673,2008-01-01,04:35:41,864.0,-37.549295,148.081379,-15.1,D564741,-37.5735,148.1143,19.46,Temperate Grassland / Sedgeland,16:00:00,-0.02420500000000203,0.032920999999987544
1697,2008-01-01,04:36:14,746.0,-37.567335,148.097212,-13.6,D564741,-37.5735,148.1143,19.46,Temperate Grassland / Sedgeland,16:00:00,-0.006165000000002863,0.01708799999997268
1701,2008-01-01,04:36:14,840.0,-37.525815,148.121197,-12.9,D564741,-37.5735,148.1143,19.46,Temperate Grassland / Sedgeland,16:00:00,-0.04768500000000131,-0.006897000000009257
1705,2008-01-01,04:36:14,919.0,-37.560474,148.157083,-11.8,D564741,-37.5735,148.1143,19.46,Temperate Grassland / Sedgeland,16:00:00,-0.013026000000003535,-0.042783000000014226
1709,2008-01-01,04:36:15,175.0,-37.558411,148.113522,-26.1,D564741,-37.5735,148.1143,19.46,Temperate Grassland / Sedgeland,16:00:00,-0.015089000000003239,0.0007779999999968368
1717,2008-01-01,04:36:35,704.0,-37.569891,148.075617,-69.300003,D564741,-37.5735,148.1143,19.46,Temperate Grassland / Sedgeland,16:00:00,-0.0036090000000044142,0.03868299999999181
1721,2008-01-01,04:36:35,780.0,-37.54774,148.079233,-27.6,D564741,-37.5735,148.1143,19.46,Temperate Grassland / Sedgeland,16:00:00,-0.025760000000005334,0.03506699999999796
1725,2008-01-01,04:36:35,838.0,-37.555995,148.087347,-20.1,D564741,-37.5735,148.1143,19.46,Temperate Grassland / Sedgeland,16:00:00,-0.017504999999999882,0.02695299999999179
1729,2008-01-01,04:36:36,22.0,-37.556693,148.087855,-24.1,D564741,-37.5735,148.1143,19.46,Temperate Grassland / Sedgeland,16:00:00,-0.016807000000000016,0.02644499999999539
1741,2008-01-01,04:37:07,945.0,-37.580456,148.146066,-27.1,D564741,-37.5735,148.1143,19.46,Temperate Grassland / Sedgeland,16:00:00,0.006955999999995299,-0.031766000000004624
1749,2008-01-01,04:37:08,208.0,-37.594026,148.162283,-11.2,D564741,-37.5735,148.1143,19.46,Temperate Grassland / Sedgeland,16:00:00,0.020525999999996714,-0.04798300000001632
1753,2008-01-01,04:37:08,323.0,-37.596861,148.158545,-46.700001,D564741,-37.5735,148.1143,19.46,Temperate Grassland / Sedgeland,16:00:00,0.023360999999994192,-0.04424500000001785
1809,2008-01-01,04:38:04,333.0,-37.57986,148.143077,-50.599998,D564741,-37.5735,148.1143,19.46,Temperate Grassland / Sedgeland,16:00:00,0.006359999999993704,-0.02877700000001937
1813,2008-01-01,04:38:04,388.0,-37.577185,148.131876,-28.799999,D564741,-37.5735,148.1143,19.46,Temperate Grassland / Sedgeland,16:00:00,0.003684999999997274,-0.017576000000019576
1817,2008-01-01,04:38:04,604.0,-37.558074,148.111456,-12.0,D564741,-37.5735,148.1143,19.46,Temperate Grassland / Sedgeland,16:00:00,-0.015426000000005047,0.002843999999981861
1825,2008-01-01,04:38:05,7.0,-37.565217,148.136826,-9.8000002,D564741,-37.5735,148.1143,19.46,Temperate Grassland / Sedgeland,16:00:00,-0.008283000000005813,-0.02252600000002758
1833,2008-01-01,04:38:37,448.0,-37.567929,148.078843,-40.799999,D564741,-37.5735,148.1143,19.46,Temperate Grassland / Sedgeland,16:00:00,-0.005571000000003323,0.035456999999979644
1837,2008-01-01,04:38:37,525.0,-37.534065,148.099444,-25.0,D564741,-37.5735,148.1143,19.46,Temperate Grassland / Sedgeland,16:00:00,-0.03943500000000455,0.01485599999998044
1857,2008-01-01,04:38:58,329.0,-37.595484,148.108208,-6.0,D564741,-37.5735,148.1143,19.46,Temperate Grassland / Sedgeland,16:00:00,0.02198399999999623,0.006091999999995323
1869,2008-01-01,04:39:27,167.0,-37.609754,148.105578,-9.8999996,D564741,-37.5735,148.1143,19.46,Temperate Grassland / Sedgeland,16:00:00,0.036253999999999564,0.00872199999997747
1889,2008-01-01,04:39:54,929.0,-37.5396,148.078332,-28.799999,D564741,-37.5735,148.1143,19.46,Temperate Grassland / Sedgeland,16:00:00,-0.033900000000002706,0.03596799999999689
1897,2008-01-01,04:39:55,22.0,-37.54728,148.078788,-22.200001,D564741,-37.5735,148.1143,19.46,Temperate Grassland / Sedgeland,16:00:00,-0.02622000000000213,0.03551199999998289
1909,2008-01-01,04:40:20,562.0,-37.582748,148.155393,-27.0,D564741,-37.5735,148.1143,19.46,Temperate Grassland / Sedgeland,16:00:00,0.009247999999999479,-0.04109300000001781
1913,2008-01-01,04:40:20,598.0,-37.584026,148.146915,-32.799999,D564741,-37.5735,148.1143,19.46,Temperate Grassland / Sedgeland,16:00:00,0.010525999999998703,-0.032615000000021155
1917,2008-01-01,04:40:20,653.0,-37.573505,148.144162,-24.0,D564741,-37.5735,148.1143,19.46,Temperate Grassland / Sedgeland,16:00:00,4.999999994481641e-06,-0.029862000000008493
1921,2008-01-01,04:40:20,976.0,-37.610217,148.102849,-6.5,D564741,-37.5735,148.1143,19.46,Temperate Grassland / Sedgeland,16:00:00,0.03671699999999589,0.011450999999993883
1949,2008-01-01,04:40:48,31.0,-37.57154,148.079733,-46.099998,D564741,-37.5735,148.1143,19.46,Temperate Grassland / Sedgeland,16:00:00,-0.0019600000000039586,0.03456699999998136
1953,2008-01-01,04:40:48,66.0,-37.574588,148.077978,-22.799999,D564741,-37.5735,148.1143,19.46,Temperate Grassland / Sedgeland,16:00:00,0.001087999999995759,0.0363219999999842
1957,2008-01-01,04:40:48,81.0,-37.564463,148.085146,-20.6,D564741,-37.5735,148.1143,19.46,Temperate Grassland / Sedgeland,16:00:00,-0.009036999999999296,0.02915399999997703
1961,2008-01-01,04:40:48,97.0,-37.574369,148.078745,-7.6999998,D564741,-37.5735,148.1143,19.46,Temperate Grassland / Sedgeland,16:00:00,0.0008689999999944575,0.03555499999998801
1969,2008-01-01,04:41:43,300.0,-37.575835,148.084806,-125.5,D564741,-37.5735,148.1143,19.46,Temperate Grassland / Sedgeland,16:00:00,0.002334999999995091,0.029493999999999687
1973,2008-01-01,04:41:43,478.0,-37.534481,148.075496,-11.9,D564741,-37.5735,148.1143,19.46,Temperate Grassland / Sedgeland,16:00:00,-0.039019000000003246,0.03880399999999895
1977,2008-01-01,04:41:43,490.0,-37.553272,148.077548,-34.5,D564741,-37.5735,148.1143,19.46,Temperate Grassland / Sedgeland,16:00:00,-0.02022800000000302,0.03675199999997858
1985,2008-01-01,04:41:43,873.0,-37.545516,148.073639,-21.799999,D564741,-37.5735,148.1143,19.46,Temperate Grassland / Sedgeland,16:00:00,-0.02798400000000356,0.04066100000000006
2057,2008-01-01,04:43:13,940.0,-37.587414,148.084257,-178.2,D564741,-37.5735,148.1143,19.46,Temperate Grassland / Sedgeland,16:00:00,0.01391399999999976,0.030042999999977837
2065,2008-01-01,04:43:13,977.0,-37.551975,148.10733,-42.900002,D564741,-37.5735,148.1143,19.46,Temperate Grassland / Sedgeland,16:00:00,-0.021525000000004013,0.00696999999999548
2069,2008-01-01,04:43:14,12.0,-37.59137,148.128646,-6.0,D564741,-37.5735,148.1143,19.46,Temperate Grassland / Sedgeland,16:00:00,0.017869999999994945,-0.014346000000017511
2081,2008-01-01,04:43:45,520.0,-37.555955,148.152548,-14.8,D564741,-37.5735,148.1143,19.46,Temperate Grassland / Sedgeland,16:00:00,-0.017545000000005473,-0.03824800000001005
2085,2008-01-01,04:43:45,647.0,-37.54465,148.111166,-20.4,D564741,-37.5735,148.1143,19.46,Temperate Grassland / Sedgeland,16:00:00,-0.028850000000005593,0.003133999999988646
2093,2008-01-01,04:43:45,902.0,-37.545667,148.119368,-17.6,D564741,-37.5735,148.1143,19.46,Temperate Grassland / Sedgeland,16:00:00,-0.027833000000001107,-0.005068000000022721
2141,2008-01-01,04:44:56,771.0,-37.582934,148.119003,-67.699997,D564741,-37.5735,148.1143,19.46,Temperate Grassland / Sedgeland,16:00:00,0.009433999999998832,-0.004703000000006341
2145,2008-01-01,04:44:56,799.0,-37.58235,148.099401,-34.099998,D564741,-37.5735,148.1143,19.46,Temperate Grassland / Sedgeland,16:00:00,0.008849999999995362,0.014898999999985563
2149,2008-01-01,04:44:56,835.0,-37.56719,148.069914,-18.200001,D564741,-37.5735,148.1143,19.46,Temperate Grassland / Sedgeland,16:00:00,-0.006310000000006255,0.0443859999999745
2153,2008-01-01,04:45:12,386.0,-37.565325,148.145457,-23.4,D564741,-37.5735,148.1143,19.46,Temperate Grassland / Sedgeland,16:00:00,-0.008175000000001376,-0.03115700000000743
2157,2008-01-01,04:45:12,454.0,-37.586485,148.134709,-19.9,D564741,-37.5735,148.1143,19.46,Temperate Grassland / Sedgeland,16:00:00,0.012985000000000468,-0.020409000000000788
2213,2008-01-01,04:46:08,881.0,-37.566865,148.120367,-15.6,D564741,-37.5735,148.1143,19.46,Temperate Grassland / Sedgeland,16:00:00,-0.006635000000002833,-0.006067000000001599
2229,2008-01-01,04:47:09,136.0,-37.579001,148.077555,-28.299999,D564741,-37.5735,148.1143,19.46,Temperate Grassland / Sedgeland,16:00:00,0.005500999999995315,0.03674499999999625
2233,2008-01-01,04:47:09,174.0,-37.58352,148.089994,-24.4,D564741,-37.5735,148.1143,19.46,Temperate Grassland / Sedgeland,16:00:00,0.010019999999997253,0.02430599999999572
2237,2008-01-01,04:47:09,218.0,-37.595275,148.069488,-21.9,D564741,-37.5735,148.1143,19.46,Temperate Grassland / Sedgeland,16:00:00,0.0217749999999981,0.04481199999997898
2321,2008-01-01,04:49:30,750.0,-37.60754,148.121143,-114.1,D564741,-37.5735,148.1143,19.46,Temperate Grassland / Sedgeland,16:00:00,0.034039999999997406,-0.006843000000003485
2325,2008-01-01,04:49:30,775.0,-37.570565,148.083156,-28.1,D564741,-37.5735,148.1143,19.46,Temperate Grassland / Sedgeland,16:00:00,-0.002935000000000798,0.031143999999983407
2329,2008-01-01,04:49:30,786.0,-37.580664,148.099209,-37.700001,D564741,-37.5735,148.1143,19.46,Temperate Grassland / Sedgeland,16:00:00,0.007163999999995951,0.015090999999983978
3883,2008-01-01,06:02:57,81.0,-37.020502,148.787871,-10.0,C252392,-37.06367667,148.8209018,13.02,Temperate Grassland / Sedgeland,19:00:00,-0.04317466999999908,0.03303080000000591
4806,2008-01-01,06:28:18,968.0,-37.253637,147.313289,-24.1,D564824,-37.2098,147.2704,16.39,High Elevation Woodland grass,18:00:00,0.04383699999999635,-0.0428890000000024
4810,2008-01-01,06:28:18,991.0,-37.251398,147.312021,-22.799999,D564824,-37.2098,147.2704,16.39,High Elevation Woodland grass,18:00:00,0.04159800000000047,-0.041620999999992137
4814,2008-01-01,06:28:19,5.0,-37.253303,147.307245,-10.8,D564824,-37.2098,147.2704,16.39,High Elevation Woodland grass,18:00:00,0.04350300000000118,-0.03684499999999957
4818,2008-01-01,06:28:19,77.0,-37.252549,147.288062,-24.1,D564824,-37.2098,147.2704,16.39,High Elevation Woodland grass,18:00:00,0.04274900000000059,-0.0176620000000014
4822,2008-01-01,06:28:19,111.0,-37.251639,147.308816,-11.4,D564824,-37.2098,147.2704,16.39,High Elevation Woodland grass,18:00:00,0.04183899999999596,-0.03841600000001222
5418,2008-01-01,06:46:47,71.0,-37.258557,147.30617,-12.1,D564824,-37.2098,147.2704,16.39,High Elevation Woodland grass,18:00:00,0.04875700000000194,-0.035770000000013624
5686,2008-01-01,06:54:50,851.0,-37.250584,147.300055,-11.2,D564824,-37.2098,147.2704,16.39,High Elevation Woodland grass,18:00:00,0.04078400000000215,-0.029654999999991105
5706,2008-01-01,06:55:36,910.0,-37.255062,147.292476,-16.0,D564824,-37.2098,147.2704,16.39,High Elevation Woodland grass,18:00:00,0.045262000000001024,-0.02207599999999843
5710,2008-01-01,06:55:36,946.0,-37.250258,147.316771,-7.5,D564824,-37.2098,147.2704,16.39,High Elevation Woodland grass,18:00:00,0.04045800000000099,-0.0463709999999935
5798,2008-01-01,06:58:09,930.0,-37.250605,147.310752,-13.2,D564824,-37.2098,147.2704,16.39,High Elevation Woodland grass,18:00:00,0.04080499999999887,-0.04035200000001282
5802,2008-01-01,06:58:09,977.0,-37.25799,147.314596,-23.6,D564824,-37.2098,147.2704,16.39,High Elevation Woodland grass,18:00:00,0.04818999999999818,-0.04419599999999946
5806,2008-01-01,06:58:10,96.0,-37.259725,147.304108,-10.0,D564824,-37.2098,147.2704,16.39,High Elevation Woodland grass,18:00:00,0.049925000000001774,-0.0337080000000185
6311,2008-01-01,07:16:55,867.0,-37.105911,148.807371,-19.6,C252392,-37.06367667,148.8209018,13.02,Temperate Grassland / Sedgeland,19:00:00,0.04223432999999943,0.013530800000012277
6319,2008-01-01,07:16:55,995.0,-37.102565,148.782745,-25.9,C252392,-37.06367667,148.8209018,13.02,Temperate Grassland / Sedgeland,19:00:00,0.038888329999998916,0.03815679999999588
6511,2008-01-01,07:21:18,599.0,-37.113022,148.792659,-9.1999998,C252392,-37.06367667,148.8209018,13.02,Temperate Grassland / Sedgeland,19:00:00,0.0493453300000013,0.028242800000015222
6811,2008-01-01,07:27:30,378.0,-37.101527,148.807709,-36.799999,C252392,-37.06367667,148.8209018,13.02,Temperate Grassland / Sedgeland,19:00:00,0.03785032999999771,0.013192800000012994
6815,2008-01-01,07:27:30,442.0,-37.10754,148.809529,-23.4,C252392,-37.06367667,148.8209018,13.02,Temperate Grassland / Sedgeland,19:00:00,0.043863330000000644,0.011372800000003735
6923,2008-01-01,07:32:15,600.0,-37.084972,148.819921,-15.8,C252392,-37.06367667,148.8209018,13.02,Temperate Grassland / Sedgeland,19:00:00,0.021295330000000945,0.0009808000000077755
6943,2008-01-01,07:33:28,448.0,-37.091561,148.825919,-12.4,C252392,-37.06367667,148.8209018,13.02,Temperate Grassland / Sedgeland,19:00:00,0.027884329999999125,-0.0050171999999975014
6959,2008-01-01,07:34:55,592.0,-37.077658,148.804003,-26.0,C252392,-37.06367667,148.8209018,13.02,Temperate Grassland / Sedgeland,19:00:00,0.013981330000000014,0.016898800000006986
7011,2008-01-01,07:35:41,142.0,-37.078217,148.795677,-26.200001,C252392,-37.06367667,148.8209018,13.02,Temperate Grassland / Sedgeland,19:00:00,0.014540330000002655,0.0252247999999895
7059,2008-01-01,07:37:13,4.0,-37.083759,148.83222,-8.6999998,C252392,-37.06367667,148.8209018,13.02,Temperate Grassland / Sedgeland,19:00:00,0.020082330000001036,-0.011318200000005163
7063,2008-01-01,07:37:13,417.0,-37.074164,148.825419,-21.5,C252392,-37.06367667,148.8209018,13.02,Temperate Grassland / Sedgeland,19:00:00,0.01048733000000368,-0.004517200000009325
7075,2008-01-01,07:38:24,824.0,-37.029729,148.827469,-12.5,C252392,-37.06367667,148.8209018,13.02,Temperate Grassland / Sedgeland,19:00:00,-0.03394766999999632,-0.0065672000000063235
7087,2008-01-01,07:38:35,507.0,-37.044287,148.869777,-8.3999996,C252392,-37.06367667,148.8209018,13.02,Temperate Grassland / Sedgeland,19:00:00,-0.019389670000002468,-0.048875199999997676
7091,2008-01-01,07:38:37,799.0,-37.072052,148.777129,-10.5,C252392,-37.06367667,148.8209018,13.02,Temperate Grassland / Sedgeland,19:00:00,0.008375329999999792,0.04377279999999928
7111,2008-01-01,07:39:01,452.0,-37.088118,148.862809,-7.5,C252392,-37.06367667,148.8209018,13.02,Temperate Grassland / Sedgeland,19:00:00,0.024441330000001926,-0.04190719999999715
7115,2008-01-01,07:39:13,966.0,-37.017787,148.789492,-62.299999,C252392,-37.06367667,148.8209018,13.02,Temperate Grassland / Sedgeland,19:00:00,-0.045889670000001104,0.031409800000005816
7119,2008-01-01,07:39:14,262.0,-37.023503,148.795532,-56.799999,C252392,-37.06367667,148.8209018,13.02,Temperate Grassland / Sedgeland,19:00:00,-0.04017367000000149,0.025369799999992892
7123,2008-01-01,07:39:14,298.0,-37.021744,148.791333,-18.700001,C252392,-37.06367667,148.8209018,13.02,Temperate Grassland / Sedgeland,19:00:00,-0.04193267000000134,0.029568799999992734
7247,2008-01-01,07:42:09,747.0,-37.020128,148.798473,-91.699997,C252392,-37.06367667,148.8209018,13.02,Temperate Grassland / Sedgeland,19:00:00,-0.043548669999999845,0.022428800000000138
7291,2008-01-01,07:44:08,622.0,-37.071325,148.825428,-36.299999,C252392,-37.06367667,148.8209018,13.02,Temperate Grassland / Sedgeland,19:00:00,0.00764833000000209,-0.004526199999986602
7295,2008-01-01,07:44:08,931.0,-37.076938,148.821222,-19.200001,C252392,-37.06367667,148.8209018,13.02,Temperate Grassland / Sedgeland,19:00:00,0.01326132999999885,-0.0003202000000044336
7299,2008-01-01,07:44:09,65.0,-37.072271,148.820602,-22.700001,C252392,-37.06367667,148.8209018,13.02,Temperate Grassland / Sedgeland,19:00:00,0.008594330000001094,0.0002997999999934109
7319,2008-01-01,07:44:25,945.0,-37.024067,148.774503,-21.1,C252392,-37.06367667,148.8209018,13.02,Temperate Grassland / Sedgeland,19:00:00,-0.039609669999997266,0.046398799999991525
7339,2008-01-01,07:45:38,624.0,-37.0315,148.82227,-37.599998,C252392,-37.06367667,148.8209018,13.02,Temperate Grassland / Sedgeland,19:00:00,-0.03217666999999835,-0.001368200000001707
7343,2008-01-01,07:45:38,686.0,-37.060517,148.859394,-25.9,C252392,-37.06367667,148.8209018,13.02,Temperate Grassland / Sedgeland,19:00:00,-0.0031596700000022793,-0.038492200000007415
7347,2008-01-01,07:45:38,712.0,-37.05791,148.851127,-20.4,C252392,-37.06367667,148.8209018,13.02,Temperate Grassland / Sedgeland,19:00:00,-0.005766669999999863,-0.030225199999989627
7351,2008-01-01,07:45:38,735.0,-37.060802,148.844908,-14.3,C252392,-37.06367667,148.8209018,13.02,Temperate Grassland / Sedgeland,19:00:00,-0.0028746699999970815,-0.02400620000000231
7355,2008-01-01,07:45:39,82.0,-37.055,148.844538,-30.9,C252392,-37.06367667,148.8209018,13.02,Temperate Grassland / Sedgeland,19:00:00,-0.008676669999999831,-0.023636199999998553
7359,2008-01-01,07:46:05,464.0,-37.024097,148.800843,-6.9000001,C252392,-37.06367667,148.8209018,13.02,Temperate Grassland / Sedgeland,19:00:00,-0.039579670000001954,0.020058800000015253
7391,2008-01-01,07:46:39,520.0,-37.073558,148.862986,-8.1999998,C252392,-37.06367667,148.8209018,13.02,Temperate Grassland / Sedgeland,19:00:00,0.009881329999998911,-0.04208420000000501
7463,2008-01-01,07:48:26,566.0,-37.049996,148.837913,-18.6,C252392,-37.06367667,148.8209018,13.02,Temperate Grassland / Sedgeland,19:00:00,-0.013680669999999395,-0.017011199999984683
7467,2008-01-01,07:48:39,907.0,-37.053082,148.825524,-17.200001,C252392,-37.06367667,148.8209018,13.02,Temperate Grassland / Sedgeland,19:00:00,-0.010594669999996142,-0.004622200000000021
7471,2008-01-01,07:48:39,970.0,-37.049313,148.805095,-34.200001,C252392,-37.06367667,148.8209018,13.02,Temperate Grassland / Sedgeland,19:00:00,-0.014363670000001605,0.015806800000007115
7475,2008-01-01,07:48:39,999.0,-37.054147,148.808892,-17.4,C252392,-37.06367667,148.8209018,13.02,Temperate Grassland / Sedgeland,19:00:00,-0.009529669999999157,0.012009800000015503
7515,2008-01-01,07:49:51,785.0,-37.043821,148.827686,-11.9,C252392,-37.06367667,148.8209018,13.02,Temperate Grassland / Sedgeland,19:00:00,-0.019855669999998327,-0.006784199999998464
7519,2008-01-01,07:49:51,811.0,-37.044217,148.839025,-9.0,C252392,-37.06367667,148.8209018,13.02,Temperate Grassland / Sedgeland,19:00:00,-0.019459669999996265,-0.018123199999990902
7531,2008-01-01,07:50:19,474.0,-37.050376,148.839587,-13.2,C252392,-37.06367667,148.8209018,13.02,Temperate Grassland / Sedgeland,19:00:00,-0.01330066999999957,-0.018685199999993074
7539,2008-01-01,07:50:36,240.0,-37.019872,148.82655,-9.6999998,C252392,-37.06367667,148.8209018,13.02,Temperate Grassland / Sedgeland,19:00:00,-0.0438046700000001,-0.005648199999995995
7543,2008-01-01,07:50:36,254.0,-37.041598,148.838108,-31.1,C252392,-37.06367667,148.8209018,13.02,Temperate Grassland / Sedgeland,19:00:00,-0.02207866999999908,-0.017206200000003946
7551,2008-01-01,07:51:02,929.0,-37.044975,148.842742,-12.7,C252392,-37.06367667,148.8209018,13.02,Temperate Grassland / Sedgeland,19:00:00,-0.01870166999999867,-0.021840199999985543
7579,2008-01-01,07:51:36,522.0,-37.042474,148.811351,-29.6,C252392,-37.06367667,148.8209018,13.02,Temperate Grassland / Sedgeland,19:00:00,-0.021202670000000978,0.009550799999999526
7583,2008-01-01,07:51:36,593.0,-37.027703,148.829934,-30.700001,C252392,-37.06367667,148.8209018,13.02,Temperate Grassland / Sedgeland,19:00:00,-0.03597366999999707,-0.009032200000007151
7587,2008-01-01,07:51:36,664.0,-37.038636,148.835331,-14.8,C252392,-37.06367667,148.8209018,13.02,Temperate Grassland / Sedgeland,19:00:00,-0.025040670000002763,-0.014429199999995035
7591,2008-01-01,07:51:36,733.0,-37.036662,148.837275,-43.299999,C252392,-37.06367667,148.8209018,13.02,Temperate Grassland / Sedgeland,19:00:00,-0.027014669999999796,-0.016373200000003862
7595,2008-01-01,07:51:36,760.0,-37.045986,148.841907,-9.3999996,C252392,-37.06367667,148.8209018,13.02,Temperate Grassland / Sedgeland,19:00:00,-0.017690670000000353,-0.02100519999999051
7599,2008-01-01,07:51:36,814.0,-37.036972,148.836731,-22.700001,C252392,-37.06367667,148.8209018,13.02,Temperate Grassland / Sedgeland,19:00:00,-0.026704670000000874,-0.015829199999984667
7615,2008-01-01,07:51:59,829.0,-37.038029,148.838255,-10.0,C252392,-37.06367667,148.8209018,13.02,Temperate Grassland / Sedgeland,19:00:00,-0.025647669999997902,-0.01735320000000229
7619,2008-01-01,07:52:14,665.0,-37.060565,148.85242,-14.3,C252392,-37.06367667,148.8209018,13.02,Temperate Grassland / Sedgeland,19:00:00,-0.0031116700000026754,-0.03151819999999361
7623,2008-01-01,07:52:14,765.0,-37.044304,148.850186,-36.799999,C252392,-37.06367667,148.8209018,13.02,Temperate Grassland / Sedgeland,19:00:00,-0.019372670000002756,-0.029284200000006422
7643,2008-01-01,07:52:39,582.0,-37.037949,148.84077,-14.4,C252392,-37.06367667,148.8209018,13.02,Temperate Grassland / Sedgeland,19:00:00,-0.02572767000000198,-0.019868199999990566
7691,2008-01-01,07:53:03,556.0,-37.028988,148.844191,-84.599998,C252392,-37.06367667,148.8209018,13.02,Temperate Grassland / Sedgeland,19:00:00,-0.03468867000000131,-0.02328919999999357
7695,2008-01-01,07:53:03,609.0,-37.042266,148.820699,-16.5,C252392,-37.06367667,148.8209018,13.02,Temperate Grassland / Sedgeland,19:00:00,-0.02141067000000163,0.00020280000001093867
7699,2008-01-01,07:53:03,642.0,-37.017285,148.838641,-23.5,C252392,-37.06367667,148.8209018,13.02,Temperate Grassland / Sedgeland,19:00:00,-0.04639166999999844,-0.01773919999999407
7703,2008-01-01,07:53:03,704.0,-37.037127,148.830821,-36.099998,C252392,-37.06367667,148.8209018,13.02,Temperate Grassland / Sedgeland,19:00:00,-0.026549670000001413,-0.009919199999984585
7707,2008-01-01,07:53:03,761.0,-37.019424,148.845425,-12.5,C252392,-37.06367667,148.8209018,13.02,Temperate Grassland / Sedgeland,19:00:00,-0.04425266999999877,-0.024523200000004408
7711,2008-01-01,07:53:03,867.0,-37.033355,148.839189,-20.299999,C252392,-37.06367667,148.8209018,13.02,Temperate Grassland / Sedgeland,19:00:00,-0.0303216699999993,-0.018287200000003168
7715,2008-01-01,07:53:04,114.0,-37.024149,148.848691,-17.6,C252392,-37.06367667,148.8209018,13.02,Temperate Grassland / Sedgeland,19:00:00,-0.03952766999999824,-0.027789200000000847
7775,2008-01-01,07:54:27,598.0,-37.037372,148.849822,-21.799999,C252392,-37.06367667,148.8209018,13.02,Temperate Grassland / Sedgeland,19:00:00,-0.026304670000001806,-0.028920199999987517
7779,2008-01-01,07:54:27,693.0,-37.046718,148.867685,-18.200001,C252392,-37.06367667,148.8209018,13.02,Temperate Grassland / Sedgeland,19:00:00,-0.016958670000001064,-0.04678319999999303
7783,2008-01-01,07:54:27,799.0,-37.036682,148.848103,-31.1,C252392,-37.06367667,148.8209018,13.02,Temperate Grassland / Sedgeland,19:00:00,-0.026994670000000554,-0.027201200000007475
7791,2008-01-01,07:54:27,909.0,-37.057054,148.865397,-14.2,C252392,-37.06367667,148.8209018,13.02,Temperate Grassland / Sedgeland,19:00:00,-0.00662266999999872,-0.04449520000000007
7795,2008-01-01,07:54:28,37.0,-37.038255,148.851626,-57.599998,C252392,-37.06367667,148.8209018,13.02,Temperate Grassland / Sedgeland,19:00:00,-0.025421670000000063,-0.03072420000000875
7799,2008-01-01,07:54:28,321.0,-37.055078,148.867928,-13.3,C252392,-37.06367667,148.8209018,13.02,Temperate Grassland / Sedgeland,19:00:00,-0.00859866999999781,-0.04702620000000479
7863,2008-01-01,07:55:00,373.0,-37.049704,148.849291,-13.8,C252392,-37.06367667,148.8209018,13.02,Temperate Grassland / Sedgeland,19:00:00,-0.01397267000000113,-0.028389199999992343
7927,2008-01-01,07:57:25,767.0,-37.030417,148.836287,-26.700001,C252392,-37.06367667,148.8209018,13.02,Temperate Grassland / Sedgeland,19:00:00,-0.03325966999999963,-0.015385199999997212
7931,2008-01-01,07:57:25,790.0,-37.032477,148.829416,-23.5,C252392,-37.06367667,148.8209018,13.02,Temperate Grassland / Sedgeland,19:00:00,-0.031199669999999458,-0.008514200000007577
7987,2008-01-01,07:58:54,901.0,-37.032447,148.836621,-23.200001,C252392,-37.06367667,148.8209018,13.02,Temperate Grassland / Sedgeland,19:00:00,-0.031229670000001875,-0.015719200000006595
8023,2008-01-01,08:01:05,217.0,-37.022939,148.8084,-23.200001,C252392,-37.06367667,148.8209018,13.02,Temperate Grassland / Sedgeland,19:00:00,-0.040737669999998616,0.012501799999995455
85965,2008-01-26,04:13:58,172.0,-36.998579,147.078953,-11.0,D567780,-36.9883,147.073,2.64,High Elevation Woodland grass,17:00:00,0.01027899999999704,-0.005953000000005204
86355,2008-01-26,04:21:27,193.0,-36.999541,147.04831,-6.8000002,D567780,-36.9883,147.073,2.64,High Elevation Woodland grass,17:00:00,0.01124099999999828,0.024690000000020973
86445,2008-01-26,04:24:16,916.0,-36.983718,147.108265,-12.6,D567780,-36.9883,147.073,2.64,High Elevation Woodland grass,17:00:00,-0.004581999999999198,-0.03526499999998123
86565,2008-01-26,04:28:27,676.0,-36.983482,147.063677,-7.8000002,D567780,-36.9883,147.073,2.64,High Elevation Woodland grass,17:00:00,-0.004818000000000211,0.009322999999994863
86585,2008-01-26,04:29:45,372.0,-36.961074,147.079645,-4.3000002,D567780,-36.9883,147.073,2.64,High Elevation Woodland grass,17:00:00,-0.027225999999998862,-0.006644999999991796
86635,2008-01-26,04:30:34,224.0,-36.99875,147.109958,3.20000005,D567780,-36.9883,147.073,2.64,High Elevation Woodland grass,17:00:00,0.010449999999998738,-0.03695799999999849
86645,2008-01-26,04:30:34,249.0,-36.973509,147.070384,-9.3000002,D567780,-36.9883,147.073,2.64,High Elevation Woodland grass,17:00:00,-0.014791000000002441,0.0026160000000174932
86685,2008-01-26,04:32:39,827.0,-36.976909,147.1117,10.8000002,D567780,-36.9883,147.073,2.64,High Elevation Woodland grass,17:00:00,-0.01139100000000326,-0.03870000000000573
86725,2008-01-26,04:32:55,515.0,-36.982305,147.065022,-13.6,D567780,-36.9883,147.073,2.64,High Elevation Woodland grass,17:00:00,-0.005995000000005746,0.007978000000008478
86735,2008-01-26,04:32:55,901.0,-36.987994,147.048786,-11.4,D567780,-36.9883,147.073,2.64,High Elevation Woodland grass,17:00:00,-0.00030600000000191585,0.024214000000000624
86745,2008-01-26,04:33:03,595.0,-37.007034,147.069529,7.69999981,D567780,-36.9883,147.073,2.64,High Elevation Woodland grass,17:00:00,0.01873399999999492,0.0034710000000188757
86775,2008-01-26,04:33:40,476.0,-36.998884,147.099292,31.8999996,D567780,-36.9883,147.073,2.64,High Elevation Woodland grass,17:00:00,0.010583999999994376,-0.026291999999983773
86885,2008-01-26,04:36:12,873.0,-36.980023,147.112384,-12.0,D567780,-36.9883,147.073,2.64,High Elevation Woodland grass,17:00:00,-0.008276999999999646,-0.0393839999999841
87005,2008-01-26,04:37:39,334.0,-36.962478,147.037604,-12.5,D567780,-36.9883,147.073,2.64,High Elevation Woodland grass,17:00:00,-0.02582200000000512,0.03539600000001997
87065,2008-01-26,04:38:14,463.0,-36.975287,147.114183,-17.700001,D567780,-36.9883,147.073,2.64,High Elevation Woodland grass,17:00:00,-0.01301300000000083,-0.041182999999989534
87075,2008-01-26,04:38:14,493.0,-36.984917,147.075825,-9.5,D567780,-36.9883,147.073,2.64,High Elevation Woodland grass,17:00:00,-0.0033829999999994698,-0.0028250000000014097
87815,2008-01-26,04:48:30,954.0,-36.956968,147.107146,-8.1000004,D567780,-36.9883,147.073,2.64,High Elevation Woodland grass,17:00:00,-0.03133199999999903,-0.03414599999999268
88195,2008-01-26,04:52:11,384.0,-36.962933,147.10653,7.80000019,D567780,-36.9883,147.073,2.64,High Elevation Woodland grass,17:00:00,-0.025367000000002804,-0.03352999999998474
89345,2008-01-26,05:02:14,31.0,-36.960944,147.05925,-8.6000004,D567780,-36.9883,147.073,2.64,High Elevation Woodland grass,17:00:00,-0.0273560000000046,0.013750000000015916
89365,2008-01-26,05:02:14,114.0,-36.94097,147.029829,-11.2,D567780,-36.9883,147.073,2.64,High Elevation Woodland grass,17:00:00,-0.047330000000002315,0.04317100000000096
89375,2008-01-26,05:02:14,263.0,-36.941541,147.030114,-16.1,D567780,-36.9883,147.073,2.64,High Elevation Woodland grass,17:00:00,-0.04675900000000155,0.04288600000000997
89575,2008-01-26,05:03:43,958.0,-36.945805,147.05936,-13.5,D567780,-36.9883,147.073,2.64,High Elevation Woodland grass,17:00:00,-0.04249500000000239,0.013640000000009422
94840,2008-01-26,06:04:24,687.0,-37.549755,142.059288,-7.0999999,567828-255476,-37.5339,142.0129,31.66,Temperate Grassland / Sedgeland,18:02:00,0.015854999999994845,-0.04638800000000742
94989,2008-01-26,06:07:05,766.0,-38.27012,146.602256,-25.0,C255480,-38.22831462,146.6481559,9.05,Temperate Grassland / Sedgeland,17:51:00,0.04180537999999956,0.045899899999994886
95098,2008-01-26,06:08:58,500.0,-38.298863,146.574079,-9.1000004,C255479,-38.27764811,146.5479589,8.13,Woodland Grass/Herb-rich,17:37:00,0.02121488999999599,-0.02612010000001419
95118,2008-01-26,06:09:18,175.0,-38.29419,146.59481,-23.6,C255479,-38.27764811,146.5479589,8.13,Woodland Grass/Herb-rich,17:37:00,0.01654188999999917,-0.046851099999997814
95139,2008-01-26,06:09:41,699.0,-38.276302,146.640467,-14.6,C255480,-38.22831462,146.6481559,9.05,Temperate Grassland / Sedgeland,17:51:00,0.04798738000000213,0.0076889000000051055
95248,2008-01-26,06:12:56,157.0,-38.27411,146.501561,-12.4,C255479,-38.27764811,146.5479589,8.13,Woodland Grass/Herb-rich,17:37:00,-0.003538110000000927,0.04639789999998811
95256,2008-01-26,06:12:59,952.0,-38.23989,146.745973,-20.4,C255487,-38.20593944,146.7195245,9.58,Temperate Grassland / Sedgeland,17:25:00,0.03395056000000096,-0.026448499999986552
95266,2008-01-26,06:13:00,236.0,-38.248583,146.740541,-5.0,C255487,-38.20593944,146.7195245,9.58,Temperate Grassland / Sedgeland,17:25:00,0.04264356000000191,-0.02101650000000177
95319,2008-01-26,06:13:45,338.0,-38.253563,146.648889,-32.5,C255480,-38.22831462,146.6481559,9.05,Temperate Grassland / Sedgeland,17:51:00,0.025248380000000736,-0.0007330999999908272
95358,2008-01-26,06:14:33,244.0,-38.297224,146.559846,-23.4,C255479,-38.27764811,146.5479589,8.13,Woodland Grass/Herb-rich,17:37:00,0.019575889999998708,-0.011887099999995598
95378,2008-01-26,06:15:09,706.0,-38.313845,146.566459,-43.5,C255479,-38.27764811,146.5479589,8.13,Woodland Grass/Herb-rich,17:37:00,0.03619688999999937,-0.018500100000011344
95499,2008-01-26,06:16:17,302.0,-38.275969,146.689196,-7.4000001,C255480,-38.22831462,146.6481559,9.05,Temperate Grassland / Sedgeland,17:51:00,0.04765438000000444,-0.041040100000003576
95508,2008-01-26,06:16:21,459.0,-38.298462,146.555693,-25.299999,C255479,-38.27764811,146.5479589,8.13,Woodland Grass/Herb-rich,17:37:00,0.020813889999999446,-0.007734099999993305
95519,2008-01-26,06:16:32,472.0,-38.266029,146.660137,-29.200001,C255480,-38.22831462,146.6481559,9.05,Temperate Grassland / Sedgeland,17:51:00,0.037714380000004155,-0.011981099999985645
95549,2008-01-26,06:16:48,626.0,-38.239691,146.614846,-10.1,C255480,-38.22831462,146.6481559,9.05,Temperate Grassland / Sedgeland,17:51:00,0.011376380000001518,0.03330990000000611
95589,2008-01-26,06:17:17,261.0,-38.215849,146.662161,-28.9,C255480,-38.22831462,146.6481559,9.05,Temperate Grassland / Sedgeland,17:51:00,-0.0124656200000004,-0.014005099999991444
95609,2008-01-26,06:18:06,686.0,-38.266218,146.664943,-36.299999,C255480,-38.22831462,146.6481559,9.05,Temperate Grassland / Sedgeland,17:51:00,0.03790338000000304,-0.01678709999998773
95848,2008-01-26,06:19:29,375.0,-38.294237,146.57121,-20.6,C255479,-38.27764811,146.5479589,8.13,Woodland Grass/Herb-rich,17:37:00,0.0165888900000013,-0.023251100000010183
95879,2008-01-26,06:19:51,582.0,-38.23649,146.60286,-22.9,C255480,-38.22831462,146.6481559,9.05,Temperate Grassland / Sedgeland,17:51:00,0.008175380000004395,0.04529590000001349
95989,2008-01-26,06:21:39,515.0,-38.270889,146.633991,-10.9,C255480,-38.22831462,146.6481559,9.05,Temperate Grassland / Sedgeland,17:51:00,0.0425743799999978,0.01416489999999726
96038,2008-01-26,06:22:02,388.0,-38.285714,146.573441,-19.299999,C255479,-38.27764811,146.5479589,8.13,Woodland Grass/Herb-rich,17:37:00,0.008065889999997466,-0.025482100000004948
96198,2008-01-26,06:23:52,564.0,-38.297188,146.596118,-13.5,C255479,-38.27764811,146.5479589,8.13,Woodland Grass/Herb-rich,17:37:00,0.01953988999999723,-0.04815909999999235
96356,2008-01-26,06:26:13,380.0,-38.254857,146.757818,-18.0,C255487,-38.20593944,146.7195245,9.58,Temperate Grassland / Sedgeland,17:25:00,0.04891755999999958,-0.03829349999998044
96489,2008-01-26,06:28:43,754.0,-38.272226,146.691772,-13.9,C255480,-38.22831462,146.6481559,9.05,Temperate Grassland / Sedgeland,17:51:00,0.043911380000004385,-0.04361609999997995
96749,2008-01-26,06:31:46,636.0,-38.27169,146.680272,-24.6,C255480,-38.22831462,146.6481559,9.05,Temperate Grassland / Sedgeland,17:51:00,0.04337538000000052,-0.032116099999996095
96886,2008-01-26,06:33:07,247.0,-38.250278,146.680926,-16.6,C255487,-38.20593944,146.7195245,9.58,Temperate Grassland / Sedgeland,17:25:00,0.044338559999999916,0.0385985000000062
96889,2008-01-26,06:33:07,247.0,-38.250278,146.680926,-16.6,C255480,-38.22831462,146.6481559,9.05,Temperate Grassland / Sedgeland,17:51:00,0.02196338000000253,-0.03277009999999336
97018,2008-01-26,06:34:57,999.0,-38.315688,146.565009,-31.5,C255479,-38.27764811,146.5479589,8.13,Woodland Grass/Herb-rich,17:37:00,0.0380398900000003,-0.01705010000000584
97228,2008-01-26,06:36:49,946.0,-38.302409,146.593629,-22.5,C255479,-38.27764811,146.5479589,8.13,Woodland Grass/Herb-rich,17:37:00,0.02476088999999604,-0.04567009999999527
97266,2008-01-26,06:37:27,812.0,-38.253029,146.694052,-19.0,C255487,-38.20593944,146.7195245,9.58,Temperate Grassland / Sedgeland,17:25:00,0.04708955999999631,0.02547250000000645
97269,2008-01-26,06:37:27,812.0,-38.253029,146.694052,-19.0,C255480,-38.22831462,146.6481559,9.05,Temperate Grassland / Sedgeland,17:51:00,0.024714379999998926,-0.04589609999999311
97496,2008-01-26,06:40:17,177.0,-38.250243,146.688749,-15.7,C255487,-38.20593944,146.7195245,9.58,Temperate Grassland / Sedgeland,17:25:00,0.04430355999999591,0.030775500000004286
97499,2008-01-26,06:40:17,177.0,-38.250243,146.688749,-15.7,C255480,-38.22831462,146.6481559,9.05,Temperate Grassland / Sedgeland,17:51:00,0.021928379999998526,-0.040593099999995275
97517,2008-01-26,06:40:17,891.0,-37.043767,142.522465,-9.0,D567784,-37.0793,142.4726,23.85,Woodland Grass/Herb-rich,17:30:00,-0.035533000000000925,-0.04986500000001115
97797,2008-01-26,06:44:36,373.0,-37.049146,142.511256,-20.299999,D567784,-37.0793,142.4726,23.85,Woodland Grass/Herb-rich,17:30:00,-0.030154000000003123,-0.03865600000000313
98307,2008-01-26,06:51:58,200.0,-37.053068,142.507532,-27.799999,D567784,-37.0793,142.4726,23.85,Woodland Grass/Herb-rich,17:30:00,-0.026232000000000255,-0.03493199999999774
98557,2008-01-26,06:55:27,792.0,-37.121899,142.455224,-28.799999,D567784,-37.0793,142.4726,23.85,Woodland Grass/Herb-rich,17:30:00,0.04259899999999561,0.017376000000012937
100424,2008-01-26,07:12:23,574.0,-38.334844,146.235907,-5.9000001,C1075335,-38.38064601,146.2729739,14.05,Eaten Out Grass,21:21:00,-0.045802010000002724,0.03706690000001345
100884,2008-01-26,07:17:41,864.0,-38.351912,146.230929,-9.5,C1075335,-38.38064601,146.2729739,14.05,Eaten Out Grass,21:21:00,-0.028734010000000865,0.0420449000000076
101593,2008-01-26,07:25:28,457.0,-38.368129,146.290844,-22.0,C255535,-38.40209948,146.2593138,14.05,Temperate Grassland / Sedgeland,20:54:00,-0.033970479999993586,-0.03153019999999174
101594,2008-01-26,07:25:28,457.0,-38.368129,146.290844,-22.0,C1075335,-38.38064601,146.2729739,14.05,Eaten Out Grass,21:21:00,-0.012517009999996276,-0.017870099999981903
101613,2008-01-26,07:25:28,528.0,-38.371628,146.275131,-7.6999998,C255535,-38.40209948,146.2593138,14.05,Temperate Grassland / Sedgeland,20:54:00,-0.030471479999995665,-0.015817199999986542
101614,2008-01-26,07:25:28,528.0,-38.371628,146.275131,-7.6999998,C1075335,-38.38064601,146.2729739,14.05,Eaten Out Grass,21:21:00,-0.009018009999998355,-0.002157099999976708
101623,2008-01-26,07:25:28,595.0,-38.38304,146.29552,-8.8999996,C255535,-38.40209948,146.2593138,14.05,Temperate Grassland / Sedgeland,20:54:00,-0.019059479999995688,-0.0362062000000094
101624,2008-01-26,07:25:28,595.0,-38.38304,146.29552,-8.8999996,C1075335,-38.38064601,146.2729739,14.05,Eaten Out Grass,21:21:00,0.0023939900000016223,-0.02254609999999957
101633,2008-01-26,07:25:28,632.0,-38.36003,146.26174,-16.1,C255535,-38.40209948,146.2593138,14.05,Temperate Grassland / Sedgeland,20:54:00,-0.042069479999994996,-0.0024262000000021544
101634,2008-01-26,07:25:28,632.0,-38.36003,146.26174,-16.1,C1075335,-38.38064601,146.2729739,14.05,Eaten Out Grass,21:21:00,-0.020616009999997686,0.01123390000000768
101943,2008-01-26,07:30:10,306.0,-38.395329,146.265953,-14.8,C255535,-38.40209948,146.2593138,14.05,Temperate Grassland / Sedgeland,20:54:00,-0.006770480000000134,-0.006639199999995071
101944,2008-01-26,07:30:10,306.0,-38.395329,146.265953,-14.8,C1075335,-38.38064601,146.2729739,14.05,Eaten Out Grass,21:21:00,0.014682989999997176,0.0070209000000147626
101954,2008-01-26,07:30:10,658.0,-38.381949,146.322162,-6.4000001,C1075335,-38.38064601,146.2729739,14.05,Eaten Out Grass,21:21:00,0.0013029899999992267,-0.04918809999998075
102003,2008-01-26,07:30:49,606.0,-38.440823,146.255254,-19.0,C255535,-38.40209948,146.2593138,14.05,Temperate Grassland / Sedgeland,20:54:00,0.038723520000004896,0.004059799999993174
102013,2008-01-26,07:30:49,649.0,-38.433512,146.256911,-15.8,C255535,-38.40209948,146.2593138,14.05,Temperate Grassland / Sedgeland,20:54:00,0.0314125200000035,0.002402799999998706
102022,2008-01-26,07:30:54,384.0,-38.507563,146.095961,-9.5,C255517,-38.4732411,146.1092609,12.44,Temperate Grassland / Sedgeland,19:31:00,0.0343218999999948,0.013299900000021125
102032,2008-01-26,07:30:54,449.0,-38.486257,146.06274,-10.2,C255517,-38.4732411,146.1092609,12.44,Temperate Grassland / Sedgeland,19:31:00,0.013015899999999192,0.04652090000001863
102103,2008-01-26,07:31:47,911.0,-38.452019,146.256054,-5.5,C255535,-38.40209948,146.2593138,14.05,Temperate Grassland / Sedgeland,20:54:00,0.049919520000003104,0.003259799999995039
102123,2008-01-26,07:31:48,174.0,-38.438405,146.239713,-8.1999998,C255535,-38.40209948,146.2593138,14.05,Temperate Grassland / Sedgeland,20:54:00,0.0363055200000062,0.019600800000006302
102162,2008-01-26,07:31:57,108.0,-38.51499,146.128396,-17.299999,C255517,-38.4732411,146.1092609,12.44,Temperate Grassland / Sedgeland,19:31:00,0.04174889999999465,-0.01913509999999974
102183,2008-01-26,07:32:16,532.0,-38.3912,146.286355,-27.799999,C255535,-38.40209948,146.2593138,14.05,Temperate Grassland / Sedgeland,20:54:00,-0.010899479999999073,-0.02704119999998511
102184,2008-01-26,07:32:16,532.0,-38.3912,146.286355,-27.799999,C1075335,-38.38064601,146.2729739,14.05,Eaten Out Grass,21:21:00,0.010553989999998237,-0.013381099999975277
102193,2008-01-26,07:32:16,557.0,-38.389158,146.307972,-6.0,C255535,-38.40209948,146.2593138,14.05,Temperate Grassland / Sedgeland,20:54:00,-0.012941479999994954,-0.048658200000005536
102194,2008-01-26,07:32:16,557.0,-38.389158,146.307972,-6.0,C1075335,-38.38064601,146.2729739,14.05,Eaten Out Grass,21:21:00,0.008511990000002356,-0.0349980999999957
102237,2008-01-26,07:32:38,281.0,-37.119469,142.512216,-15.6,D567784,-37.0793,142.4726,23.85,Woodland Grass/Herb-rich,17:30:00,0.04016899999999879,-0.03961599999999521
102282,2008-01-26,07:32:43,281.0,-38.456901,146.132237,-20.4,C255517,-38.4732411,146.1092609,12.44,Temperate Grassland / Sedgeland,19:31:00,-0.016340100000000746,-0.02297609999999395
102343,2008-01-26,07:33:19,954.0,-38.447727,146.295513,-18.6,C255535,-38.40209948,146.2593138,14.05,Temperate Grassland / Sedgeland,20:54:00,0.045627520000003585,-0.036199199999998655
102352,2008-01-26,07:33:23,373.0,-38.494786,146.132876,-17.799999,C255517,-38.4732411,146.1092609,12.44,Temperate Grassland / Sedgeland,19:31:00,0.021544899999994982,-0.023615100000000666
102372,2008-01-26,07:33:41,275.0,-38.497933,146.100389,-14.8,C255517,-38.4732411,146.1092609,12.44,Temperate Grassland / Sedgeland,19:31:00,0.024691900000000544,0.008871900000002597
102382,2008-01-26,07:33:54,247.0,-38.473256,146.123982,-15.0,C255517,-38.4732411,146.1092609,12.44,Temperate Grassland / Sedgeland,19:31:00,1.4899999996487168e-05,-0.014721100000002707
102482,2008-01-26,07:34:34,659.0,-38.434555,146.079144,-19.9,C255517,-38.4732411,146.1092609,12.44,Temperate Grassland / Sedgeland,19:31:00,-0.03868609999999961,0.030116899999995894
102512,2008-01-26,07:34:54,322.0,-38.481893,146.090595,-9.3999996,C255517,-38.4732411,146.1092609,12.44,Temperate Grassland / Sedgeland,19:31:00,0.008651899999996715,0.01866590000000201
102522,2008-01-26,07:34:54,405.0,-38.484262,146.126214,-16.1,C255517,-38.4732411,146.1092609,12.44,Temperate Grassland / Sedgeland,19:31:00,0.011020899999998335,-0.016953099999994947
102532,2008-01-26,07:34:54,686.0,-38.471249,146.127705,-9.1000004,C255517,-38.4732411,146.1092609,12.44,Temperate Grassland / Sedgeland,19:31:00,-0.0019921000000024947,-0.0184440999999822
102552,2008-01-26,07:35:02,265.0,-38.431387,146.071689,-20.9,C255517,-38.4732411,146.1092609,12.44,Temperate Grassland / Sedgeland,19:31:00,-0.04185410000000189,0.03757190000001742
102577,2008-01-26,07:35:17,663.0,-37.058792,142.50323,-6.9000001,D567784,-37.0793,142.4726,23.85,Woodland Grass/Herb-rich,17:30:00,-0.020508000000006632,-0.030630000000002156
102623,2008-01-26,07:35:27,930.0,-38.439206,146.262373,-21.799999,C255535,-38.40209948,146.2593138,14.05,Temperate Grassland / Sedgeland,20:54:00,0.03710652000000181,-0.0030591999999955988
102773,2008-01-26,07:36:05,101.0,-38.416463,146.222838,-11.2,C255535,-38.40209948,146.2593138,14.05,Temperate Grassland / Sedgeland,20:54:00,0.014363520000003405,0.036475800000005165
102782,2008-01-26,07:36:11,524.0,-38.503586,146.131594,-8.3000002,C255517,-38.4732411,146.1092609,12.44,Temperate Grassland / Sedgeland,19:31:00,0.03034489999999579,-0.02233309999999733
102792,2008-01-26,07:36:12,413.0,-38.512571,146.079021,-13.8,C255517,-38.4732411,146.1092609,12.44,Temperate Grassland / Sedgeland,19:31:00,0.039329899999998474,0.030239899999997988
102812,2008-01-26,07:36:22,477.0,-38.478182,146.118191,-13.2,C255517,-38.4732411,146.1092609,12.44,Temperate Grassland / Sedgeland,19:31:00,0.004940899999994031,-0.008930099999986396
102863,2008-01-26,07:36:46,292.0,-38.446913,146.21546,-12.1,C255535,-38.40209948,146.2593138,14.05,Temperate Grassland / Sedgeland,20:54:00,0.04481352000000527,0.043853799999993726
102892,2008-01-26,07:36:48,137.0,-38.48087,146.124895,-10.8,C255517,-38.4732411,146.1092609,12.44,Temperate Grassland / Sedgeland,19:31:00,0.007628900000000272,-0.015634099999999762
102932,2008-01-26,07:36:54,210.0,-38.467012,146.12938,-7.6999998,C255517,-38.4732411,146.1092609,12.44,Temperate Grassland / Sedgeland,19:31:00,-0.006229100000005872,-0.020119099999988066
102962,2008-01-26,07:37:06,248.0,-38.470806,146.069982,-17.799999,C255517,-38.4732411,146.1092609,12.44,Temperate Grassland / Sedgeland,19:31:00,-0.0024350999999995793,0.03927889999999934
102972,2008-01-26,07:37:07,496.0,-38.45441,146.074132,-20.799999,C255517,-38.4732411,146.1092609,12.44,Temperate Grassland / Sedgeland,19:31:00,-0.01883109999999988,0.03512890000001789
102982,2008-01-26,07:37:07,564.0,-38.456166,146.061949,-6.6999998,C255517,-38.4732411,146.1092609,12.44,Temperate Grassland / Sedgeland,19:31:00,-0.017075099999999566,0.047311900000011065
103012,2008-01-26,07:37:14,953.0,-38.4759,146.089547,-13.1,C255517,-38.4732411,146.1092609,12.44,Temperate Grassland / Sedgeland,19:31:00,0.0026589000000001306,0.019713899999999285
103023,2008-01-26,07:37:17,914.0,-38.444027,146.215238,-10.8,C255535,-38.40209948,146.2593138,14.05,Temperate Grassland / Sedgeland,20:54:00,0.04192752000000155,0.044075800000001664
103082,2008-01-26,07:37:31,440.0,-38.464792,146.127099,-14.4,C255517,-38.4732411,146.1092609,12.44,Temperate Grassland / Sedgeland,19:31:00,-0.008449099999999987,-0.01783809999997743
103092,2008-01-26,07:37:49,731.0,-38.451882,146.15044,-18.6,C255517,-38.4732411,146.1092609,12.44,Temperate Grassland / Sedgeland,19:31:00,-0.02135910000000507,-0.041179099999993696
103102,2008-01-26,07:37:49,788.0,-38.441553,146.111232,-15.8,C255517,-38.4732411,146.1092609,12.44,Temperate Grassland / Sedgeland,19:31:00,-0.03168810000000377,-0.0019710999999915657
103112,2008-01-26,07:37:49,892.0,-38.431342,146.103357,-10.4,C255517,-38.4732411,146.1092609,12.44,Temperate Grassland / Sedgeland,19:31:00,-0.041899100000001965,0.005903900000021167
103213,2008-01-26,07:38:10,54.0,-38.444152,146.232012,-17.6,C255535,-38.40209948,146.2593138,14.05,Temperate Grassland / Sedgeland,20:54:00,0.0420525200000057,0.027301800000003595
103272,2008-01-26,07:38:20,808.0,-38.470323,146.105436,-9.6999998,C255517,-38.4732411,146.1092609,12.44,Temperate Grassland / Sedgeland,19:31:00,-0.002918100000002255,0.0038249000000121214
103473,2008-01-26,07:39:28,373.0,-38.451836,146.250869,-7.0999999,C255535,-38.40209948,146.2593138,14.05,Temperate Grassland / Sedgeland,20:54:00,0.04973652000000328,0.00844480000000658
103502,2008-01-26,07:39:53,20.0,-38.458464,146.108861,-11.8,C255517,-38.4732411,146.1092609,12.44,Temperate Grassland / Sedgeland,19:31:00,-0.01477710000000343,0.00039990000001921544
103512,2008-01-26,07:39:53,55.0,-38.437852,146.084943,-12.1,C255517,-38.4732411,146.1092609,12.44,Temperate Grassland / Sedgeland,19:31:00,-0.03538910000000328,0.02431789999999978
103623,2008-01-26,07:39:58,907.0,-38.421374,146.23835,-6.3000002,C255535,-38.40209948,146.2593138,14.05,Temperate Grassland / Sedgeland,20:54:00,0.019274520000003292,0.020963800000004085
103624,2008-01-26,07:39:58,907.0,-38.421374,146.23835,-6.3000002,C1075335,-38.38064601,146.2729739,14.05,Eaten Out Grass,21:21:00,0.0407279900000006,0.03462390000001392
103633,2008-01-26,07:40:12,757.0,-38.413903,146.27516,-13.6,C255535,-38.40209948,146.2593138,14.05,Temperate Grassland / Sedgeland,20:54:00,0.011803520000000844,-0.01584619999999859
103634,2008-01-26,07:40:12,757.0,-38.413903,146.27516,-13.6,C1075335,-38.38064601,146.2729739,14.05,Eaten Out Grass,21:21:00,0.033256989999998154,-0.0021860999999887554
103692,2008-01-26,07:40:38,703.0,-38.457059,146.139881,-10.9,C255517,-38.4732411,146.1092609,12.44,Temperate Grassland / Sedgeland,19:31:00,-0.016182100000001753,-0.030620099999993045
103703,2008-01-26,07:40:40,562.0,-38.437394,146.234671,-14.7,C255535,-38.40209948,146.2593138,14.05,Temperate Grassland / Sedgeland,20:54:00,0.03529452000000077,0.0246428000000094
103723,2008-01-26,07:40:40,858.0,-38.450221,146.229289,-8.8999996,C255535,-38.40209948,146.2593138,14.05,Temperate Grassland / Sedgeland,20:54:00,0.04812152000000225,0.030024800000006735
103814,2008-01-26,07:41:08,468.0,-38.334721,146.248231,-6.0,C1075335,-38.38064601,146.2729739,14.05,Eaten Out Grass,21:21:00,-0.04592500999999771,0.024742900000006784
103852,2008-01-26,07:41:33,737.0,-38.488843,146.108387,-24.700001,C255517,-38.4732411,146.1092609,12.44,Temperate Grassland / Sedgeland,19:31:00,0.015601900000000057,0.0008739000000161923
103862,2008-01-26,07:41:33,797.0,-38.462965,146.077174,-11.8,C255517,-38.4732411,146.1092609,12.44,Temperate Grassland / Sedgeland,19:31:00,-0.010276100000005783,0.03208689999999592
103872,2008-01-26,07:41:33,825.0,-38.491177,146.119902,-8.1000004,C255517,-38.4732411,146.1092609,12.44,Temperate Grassland / Sedgeland,19:31:00,0.017935899999997673,-0.010641099999986636
103903,2008-01-26,07:41:44,724.0,-38.432678,146.227126,-11.2,C255535,-38.40209948,146.2593138,14.05,Temperate Grassland / Sedgeland,20:54:00,0.030578520000005938,0.03218780000000265
103922,2008-01-26,07:41:52,94.0,-38.468862,146.147759,-10.6,C255517,-38.4732411,146.1092609,12.44,Temperate Grassland / Sedgeland,19:31:00,-0.004379100000001301,-0.0384980999999982
104023,2008-01-26,07:42:11,57.0,-38.426491,146.29974,-15.8,C255535,-38.40209948,146.2593138,14.05,Temperate Grassland / Sedgeland,20:54:00,0.024391520000001776,-0.04042620000001307
104024,2008-01-26,07:42:11,57.0,-38.426491,146.29974,-15.8,C1075335,-38.38064601,146.2729739,14.05,Eaten Out Grass,21:21:00,0.045844989999999086,-0.026766100000003235
104033,2008-01-26,07:42:11,204.0,-38.422785,146.28264,-19.299999,C255535,-38.40209948,146.2593138,14.05,Temperate Grassland / Sedgeland,20:54:00,0.02068552000000068,-0.02332619999998542
104034,2008-01-26,07:42:11,204.0,-38.422785,146.28264,-19.299999,C1075335,-38.38064601,146.2729739,14.05,Eaten Out Grass,21:21:00,0.04213898999999799,-0.009666099999975586
104043,2008-01-26,07:42:11,491.0,-38.425293,146.287731,-13.6,C255535,-38.40209948,146.2593138,14.05,Temperate Grassland / Sedgeland,20:54:00,0.02319352000000663,-0.028417200000006915
104044,2008-01-26,07:42:11,491.0,-38.425293,146.287731,-13.6,C1075335,-38.38064601,146.2729739,14.05,Eaten Out Grass,21:21:00,0.04464699000000394,-0.014757099999997081
104072,2008-01-26,07:42:24,187.0,-38.481663,146.060129,-45.200001,C255517,-38.4732411,146.1092609,12.44,Temperate Grassland / Sedgeland,19:31:00,0.008421899999994764,0.04913190000002032
104082,2008-01-26,07:42:24,259.0,-38.482755,146.069172,-40.099998,C255517,-38.4732411,146.1092609,12.44,Temperate Grassland / Sedgeland,19:31:00,0.009513899999994635,0.04008890000000065
104092,2008-01-26,07:42:24,285.0,-38.478651,146.088716,-7.8000002,C255517,-38.4732411,146.1092609,12.44,Temperate Grassland / Sedgeland,19:31:00,0.005409899999996526,0.020544900000004418
104372,2008-01-26,07:43:39,818.0,-38.477115,146.078972,-10.1,C255517,-38.4732411,146.1092609,12.44,Temperate Grassland / Sedgeland,19:31:00,0.0038738999999949897,0.030288900000016383
104382,2008-01-26,07:43:39,839.0,-38.485364,146.144593,-8.6000004,C255517,-38.4732411,146.1092609,12.44,Temperate Grassland / Sedgeland,19:31:00,0.012122899999994274,-0.03533209999997666
104483,2008-01-26,07:43:52,743.0,-38.434414,146.246233,-10.8,C255535,-38.40209948,146.2593138,14.05,Temperate Grassland / Sedgeland,20:54:00,0.0323145199999999,0.01308080000001155
104554,2008-01-26,07:44:22,20.0,-38.344953,146.287019,-6.5999999,C1075335,-38.38064601,146.2729739,14.05,Eaten Out Grass,21:21:00,-0.0356930100000028,-0.014045099999975719
104713,2008-01-26,07:44:35,249.0,-38.432617,146.245394,-7.5,C255535,-38.40209948,146.2593138,14.05,Temperate Grassland / Sedgeland,20:54:00,0.03051752000000363,0.013919799999996485
104717,2008-01-26,07:44:47,726.0,-37.124371,142.51664,-12.5,D567784,-37.0793,142.4726,23.85,Woodland Grass/Herb-rich,17:30:00,0.04507099999999298,-0.044039999999995416
104744,2008-01-26,07:44:53,852.0,-38.350722,146.294151,-4.8000002,C1075335,-38.38064601,146.2729739,14.05,Eaten Out Grass,21:21:00,-0.029924010000002,-0.021177099999988513
104752,2008-01-26,07:44:58,286.0,-38.463313,146.149002,-11.3,C255517,-38.4732411,146.1092609,12.44,Temperate Grassland / Sedgeland,19:31:00,-0.009928100000003326,-0.03974109999998632
104823,2008-01-26,07:45:16,165.0,-38.418955,146.283292,-8.8999996,C255535,-38.40209948,146.2593138,14.05,Temperate Grassland / Sedgeland,20:54:00,0.016855520000000013,-0.023978199999987737
104824,2008-01-26,07:45:16,165.0,-38.418955,146.283292,-8.8999996,C1075335,-38.38064601,146.2729739,14.05,Eaten Out Grass,21:21:00,0.03830898999999732,-0.010318099999977903
104832,2008-01-26,07:45:21,58.0,-38.50901,146.135901,-27.0,C255517,-38.4732411,146.1092609,12.44,Temperate Grassland / Sedgeland,19:31:00,0.03576890000000077,-0.026640099999980293
104933,2008-01-26,07:45:49,979.0,-38.438779,146.266042,-9.3000002,C255535,-38.40209948,146.2593138,14.05,Temperate Grassland / Sedgeland,20:54:00,0.036679519999999854,-0.0067281999999977415
104952,2008-01-26,07:45:53,843.0,-38.464092,146.108445,-14.6,C255517,-38.4732411,146.1092609,12.44,Temperate Grassland / Sedgeland,19:31:00,-0.009149100000001908,0.0008159000000205197
105053,2008-01-26,07:46:16,41.0,-38.401149,146.292423,-14.9,C255535,-38.40209948,146.2593138,14.05,Temperate Grassland / Sedgeland,20:54:00,-0.0009504800000001978,-0.033109200000012606
105054,2008-01-26,07:46:16,41.0,-38.401149,146.292423,-14.9,C1075335,-38.38064601,146.2729739,14.05,Eaten Out Grass,21:21:00,0.020502989999997112,-0.019449100000002773
105092,2008-01-26,07:46:31,842.0,-38.481724,146.115233,-21.5,C255517,-38.4732411,146.1092609,12.44,Temperate Grassland / Sedgeland,19:31:00,0.008482899999997073,-0.005972099999979719
105102,2008-01-26,07:46:32,68.0,-38.465211,146.092796,-11.7,C255517,-38.4732411,146.1092609,12.44,Temperate Grassland / Sedgeland,19:31:00,-0.008030100000006257,0.01646490000001677
105142,2008-01-26,07:46:47,134.0,-38.469734,146.127835,-12.9,C255517,-38.4732411,146.1092609,12.44,Temperate Grassland / Sedgeland,19:31:00,-0.0035071000000002073,-0.018574099999995042
105152,2008-01-26,07:46:47,173.0,-38.452815,146.148334,-12.1,C255517,-38.4732411,146.1092609,12.44,Temperate Grassland / Sedgeland,19:31:00,-0.020426100000001668,-0.039073099999995975
105174,2008-01-26,07:46:56,894.0,-38.34529,146.252752,-5.8000002,C1075335,-38.38064601,146.2729739,14.05,Eaten Out Grass,21:21:00,-0.03535601000000099,0.020221900000024107
105202,2008-01-26,07:47:06,908.0,-38.441312,146.104357,-16.0,C255517,-38.4732411,146.1092609,12.44,Temperate Grassland / Sedgeland,19:31:00,-0.031929099999999266,0.004903900000016392
105232,2008-01-26,07:47:17,301.0,-38.424585,146.128783,-20.200001,C255517,-38.4732411,146.1092609,12.44,Temperate Grassland / Sedgeland,19:31:00,-0.04865610000000231,-0.019522099999988995
105254,2008-01-26,07:47:17,373.0,-38.335177,146.317018,-17.1,C1075335,-38.38064601,146.2729739,14.05,Eaten Out Grass,21:21:00,-0.04546900999999792,-0.04404409999997938
105383,2008-01-26,07:47:54,933.0,-38.421793,146.28482,-13.9,C255535,-38.40209948,146.2593138,14.05,Temperate Grassland / Sedgeland,20:54:00,0.019693520000004128,-0.02550619999999526
105384,2008-01-26,07:47:54,933.0,-38.421793,146.28482,-13.9,C1075335,-38.38064601,146.2729739,14.05,Eaten Out Grass,21:21:00,0.04114699000000144,-0.011846099999985427
105393,2008-01-26,07:47:54,979.0,-38.423152,146.294112,-11.5,C255535,-38.40209948,146.2593138,14.05,Temperate Grassland / Sedgeland,20:54:00,0.021052520000004904,-0.03479820000001155
105394,2008-01-26,07:47:54,979.0,-38.423152,146.294112,-11.5,C1075335,-38.38064601,146.2729739,14.05,Eaten Out Grass,21:21:00,0.042505990000002214,-0.021138100000001714
105404,2008-01-26,07:47:55,67.0,-38.392679,146.310589,-27.5,C1075335,-38.38064601,146.2729739,14.05,Eaten Out Grass,21:21:00,0.012032990000001575,-0.03761509999998225
105442,2008-01-26,07:48:07,941.0,-38.489301,146.127842,-20.1,C255517,-38.4732411,146.1092609,12.44,Temperate Grassland / Sedgeland,19:31:00,0.016059899999994798,-0.01858109999997737
105522,2008-01-26,07:48:27,503.0,-38.514306,146.156106,-17.5,C255517,-38.4732411,146.1092609,12.44,Temperate Grassland / Sedgeland,19:31:00,0.041064899999994964,-0.04684509999998454
105553,2008-01-26,07:48:39,941.0,-38.410352,146.286013,-6.1999998,C255535,-38.40209948,146.2593138,14.05,Temperate Grassland / Sedgeland,20:54:00,0.008252520000006314,-0.026699199999995926
105554,2008-01-26,07:48:39,941.0,-38.410352,146.286013,-6.1999998,C1075335,-38.38064601,146.2729739,14.05,Eaten Out Grass,21:21:00,0.029705990000003624,-0.013039099999986092
105643,2008-01-26,07:48:52,983.0,-38.430983,146.307978,-23.9,C255535,-38.40209948,146.2593138,14.05,Temperate Grassland / Sedgeland,20:54:00,0.02888352000000083,-0.04866419999999039
105653,2008-01-26,07:48:53,10.0,-38.43069,146.305794,-8.3999996,C255535,-38.40209948,146.2593138,14.05,Temperate Grassland / Sedgeland,20:54:00,0.028590520000001618,-0.046480199999990646
105663,2008-01-26,07:48:54,270.0,-38.424331,146.217815,-8.6000004,C255535,-38.40209948,146.2593138,14.05,Temperate Grassland / Sedgeland,20:54:00,0.02223152000000539,0.04149879999999939
105682,2008-01-26,07:48:57,147.0,-38.466591,146.139786,-16.5,C255517,-38.4732411,146.1092609,12.44,Temperate Grassland / Sedgeland,19:31:00,-0.0066501000000016575,-0.0305250999999771
105702,2008-01-26,07:49:06,366.0,-38.491302,146.13241,-19.5,C255517,-38.4732411,146.1092609,12.44,Temperate Grassland / Sedgeland,19:31:00,0.018060899999994717,-0.02314909999998349
105813,2008-01-26,07:49:16,321.0,-38.435561,146.303937,-14.8,C255535,-38.40209948,146.2593138,14.05,Temperate Grassland / Sedgeland,20:54:00,0.03346152000000302,-0.04462319999998954
105914,2008-01-26,07:49:31,756.0,-38.344579,146.297088,-6.9000001,C1075335,-38.38064601,146.2729739,14.05,Eaten Out Grass,21:21:00,-0.03606700999999646,-0.024114099999991367
105922,2008-01-26,07:49:36,449.0,-38.459135,146.092251,-8.3000002,C255517,-38.4732411,146.1092609,12.44,Temperate Grassland / Sedgeland,19:31:00,-0.014106099999999344,0.017009900000005018
105942,2008-01-26,07:49:50,926.0,-38.456184,146.158688,-10.2,C255517,-38.4732411,146.1092609,12.44,Temperate Grassland / Sedgeland,19:31:00,-0.01705710000000238,-0.04942710000000261
106034,2008-01-26,07:50:09,276.0,-38.342097,146.274127,-10.4,C1075335,-38.38064601,146.2729739,14.05,Eaten Out Grass,21:21:00,-0.038549009999997,-0.0011530999999820324
106053,2008-01-26,07:50:12,731.0,-38.44273,146.248121,-17.299999,C255535,-38.40209948,146.2593138,14.05,Temperate Grassland / Sedgeland,20:54:00,0.04063052000000056,0.011192800000003444
106073,2008-01-26,07:50:12,930.0,-38.43213,146.258289,-18.799999,C255535,-38.40209948,146.2593138,14.05,Temperate Grassland / Sedgeland,20:54:00,0.030030520000003946,0.001024800000010373
106083,2008-01-26,07:50:12,977.0,-38.414733,146.220647,-16.5,C255535,-38.40209948,146.2593138,14.05,Temperate Grassland / Sedgeland,20:54:00,0.012633520000001397,0.038666799999987234
106094,2008-01-26,07:50:18,454.0,-38.41774,146.315201,-15.1,C1075335,-38.38064601,146.2729739,14.05,Eaten Out Grass,21:21:00,0.037093990000002464,-0.04222709999999097
106203,2008-01-26,07:50:38,789.0,-38.449877,146.210537,-13.8,C255535,-38.40209948,146.2593138,14.05,Temperate Grassland / Sedgeland,20:54:00,0.047777520000003904,0.048776800000013054
106213,2008-01-26,07:50:38,823.0,-38.449569,146.215065,-9.6000004,C255535,-38.40209948,146.2593138,14.05,Temperate Grassland / Sedgeland,20:54:00,0.04746951999999993,0.044248799999991206
106254,2008-01-26,07:50:56,176.0,-38.349152,146.299911,-6.9000001,C1075335,-38.38064601,146.2729739,14.05,Eaten Out Grass,21:21:00,-0.03149401000000296,-0.026937099999997827
106303,2008-01-26,07:51:04,13.0,-38.451984,146.222179,-9.6000004,C255535,-38.40209948,146.2593138,14.05,Temperate Grassland / Sedgeland,20:54:00,0.049884520000006205,0.03713479999998981
106322,2008-01-26,07:51:07,223.0,-38.476673,146.149736,-7.0999999,C255517,-38.4732411,146.1092609,12.44,Temperate Grassland / Sedgeland,19:31:00,0.0034318999999953803,-0.04047509999998056
106383,2008-01-26,07:51:14,166.0,-38.449299,146.217632,-18.299999,C255535,-38.40209948,146.2593138,14.05,Temperate Grassland / Sedgeland,20:54:00,0.0471995200000066,0.04168179999999211
106413,2008-01-26,07:51:14,566.0,-38.442212,146.230316,-12.3,C255535,-38.40209948,146.2593138,14.05,Temperate Grassland / Sedgeland,20:54:00,0.040112520000000984,0.028997800000013285
106443,2008-01-26,07:51:17,642.0,-38.444968,146.237904,-16.4,C255535,-38.40209948,146.2593138,14.05,Temperate Grassland / Sedgeland,20:54:00,0.04286852000000607,0.02140980000001491
106473,2008-01-26,07:51:48,115.0,-38.432029,146.252659,-8.8000002,C255535,-38.40209948,146.2593138,14.05,Temperate Grassland / Sedgeland,20:54:00,0.02992952000000315,0.006654800000006844
106622,2008-01-26,07:52:12,60.0,-38.494231,146.147566,-10.1,C255517,-38.4732411,146.1092609,12.44,Temperate Grassland / Sedgeland,19:31:00,0.020989899999996453,-0.03830510000000231
106883,2008-01-26,07:52:44,786.0,-38.411498,146.302159,-12.1,C255535,-38.40209948,146.2593138,14.05,Temperate Grassland / Sedgeland,20:54:00,0.00939852000000485,-0.042845199999987926
106884,2008-01-26,07:52:44,786.0,-38.411498,146.302159,-12.1,C1075335,-38.38064601,146.2729739,14.05,Eaten Out Grass,21:21:00,0.03085199000000216,-0.029185099999978092
107024,2008-01-26,07:52:57,911.0,-38.340128,146.27359,-32.0,C1075335,-38.38064601,146.2729739,14.05,Eaten Out Grass,21:21:00,-0.04051800999999955,-0.0006161000000020067
107033,2008-01-26,07:52:57,939.0,-38.366661,146.280587,-7.3000002,C255535,-38.40209948,146.2593138,14.05,Temperate Grassland / Sedgeland,20:54:00,-0.035438479999996275,-0.021273199999995995
107034,2008-01-26,07:52:57,939.0,-38.366661,146.280587,-7.3000002,C1075335,-38.38064601,146.2729739,14.05,Eaten Out Grass,21:21:00,-0.013985009999998965,-0.0076130999999861615
107043,2008-01-26,07:52:57,982.0,-38.384696,146.305663,-16.0,C255535,-38.40209948,146.2593138,14.05,Temperate Grassland / Sedgeland,20:54:00,-0.017403479999998694,-0.04634920000000875
107044,2008-01-26,07:52:57,982.0,-38.384696,146.305663,-16.0,C1075335,-38.38064601,146.2729739,14.05,Eaten Out Grass,21:21:00,0.0040499899999986155,-0.032689099999998916
107054,2008-01-26,07:52:58,48.0,-38.333952,146.280228,-4.8000002,C1075335,-38.38064601,146.2729739,14.05,Eaten Out Grass,21:21:00,-0.04669401000000306,-0.007254099999983055
107294,2008-01-26,07:53:45,629.0,-38.344438,146.306666,-8.1999998,C1075335,-38.38064601,146.2729739,14.05,Eaten Out Grass,21:21:00,-0.036208010000002844,-0.03369209999999612
107363,2008-01-26,07:53:58,486.0,-38.448498,146.229035,-18.200001,C255535,-38.40209948,146.2593138,14.05,Temperate Grassland / Sedgeland,20:54:00,0.046398520000003884,0.030278799999990724
107414,2008-01-26,07:54:03,939.0,-38.342737,146.244729,-11.5,C1075335,-38.38064601,146.2729739,14.05,Eaten Out Grass,21:21:00,-0.03790900999999991,0.028244900000004236
107474,2008-01-26,07:54:08,670.0,-38.415716,146.316466,-15.0,C1075335,-38.38064601,146.2729739,14.05,Eaten Out Grass,21:21:00,0.03506999000000377,-0.04349209999998038
107532,2008-01-26,07:54:48,932.0,-38.465789,146.094665,-10.5,C255517,-38.4732411,146.1092609,12.44,Temperate Grassland / Sedgeland,19:31:00,-0.007452100000001849,0.014595900000017537
107544,2008-01-26,07:54:48,994.0,-38.356567,146.313299,-20.6,C1075335,-38.38064601,146.2729739,14.05,Eaten Out Grass,21:21:00,-0.024079010000001233,-0.04032509999998979
107554,2008-01-26,07:54:49,201.0,-38.336464,146.266917,-24.9,C1075335,-38.38064601,146.2729739,14.05,Eaten Out Grass,21:21:00,-0.044182010000000105,0.006056900000004362
107713,2008-01-26,07:55:25,359.0,-38.452036,146.240664,-19.200001,C255535,-38.40209948,146.2593138,14.05,Temperate Grassland / Sedgeland,20:54:00,0.049936520000002815,0.0186497999999915
107723,2008-01-26,07:55:25,416.0,-38.445326,146.254436,-11.9,C255535,-38.40209948,146.2593138,14.05,Temperate Grassland / Sedgeland,20:54:00,0.0432265200000046,0.004877800000002708
107893,2008-01-26,07:56:22,636.0,-38.355621,146.295701,-15.2,C255535,-38.40209948,146.2593138,14.05,Temperate Grassland / Sedgeland,20:54:00,-0.046478479999997546,-0.03638720000000717
107894,2008-01-26,07:56:22,636.0,-38.355621,146.295701,-15.2,C1075335,-38.38064601,146.2729739,14.05,Eaten Out Grass,21:21:00,-0.025025010000000236,-0.022727099999997336
107903,2008-01-26,07:56:22,698.0,-38.381198,146.28679,-8.0,C255535,-38.40209948,146.2593138,14.05,Temperate Grassland / Sedgeland,20:54:00,-0.02090147999999914,-0.027476199999995288
107904,2008-01-26,07:56:22,698.0,-38.381198,146.28679,-8.0,C1075335,-38.38064601,146.2729739,14.05,Eaten Out Grass,21:21:00,0.0005519899999981703,-0.013816099999985454
107923,2008-01-26,07:56:25,656.0,-38.403715,146.230928,-9.5,C255535,-38.40209948,146.2593138,14.05,Temperate Grassland / Sedgeland,20:54:00,0.0016155200000014247,0.028385799999995243
107924,2008-01-26,07:56:25,656.0,-38.403715,146.230928,-9.5,C1075335,-38.38064601,146.2729739,14.05,Eaten Out Grass,21:21:00,0.023068989999998735,0.042045900000005076
108003,2008-01-26,07:56:37,873.0,-38.354311,146.283129,-37.599998,C255535,-38.40209948,146.2593138,14.05,Temperate Grassland / Sedgeland,20:54:00,-0.04778847999999414,-0.02381520000000137
108004,2008-01-26,07:56:37,873.0,-38.354311,146.283129,-37.599998,C1075335,-38.38064601,146.2729739,14.05,Eaten Out Grass,21:21:00,-0.026335009999996828,-0.010155099999991535
108063,2008-01-26,07:56:56,136.0,-38.446952,146.23744,-18.6,C255535,-38.40209948,146.2593138,14.05,Temperate Grassland / Sedgeland,20:54:00,0.04485252000000628,0.021873800000008714
108243,2008-01-26,07:57:25,752.0,-38.450529,146.22839,-12.4,C255535,-38.40209948,146.2593138,14.05,Temperate Grassland / Sedgeland,20:54:00,0.04842952000000622,0.030923800000010715
108252,2008-01-26,07:57:25,917.0,-38.43473,146.144325,-11.8,C255517,-38.4732411,146.1092609,12.44,Temperate Grassland / Sedgeland,19:31:00,-0.03851110000000091,-0.0350640999999996
108303,2008-01-26,07:57:44,384.0,-38.432738,146.214531,-10.3,C255535,-38.40209948,146.2593138,14.05,Temperate Grassland / Sedgeland,20:54:00,0.030638520000003666,0.04478280000000723
108323,2008-01-26,07:57:44,734.0,-38.4516,146.246184,-17.700001,C255535,-38.40209948,146.2593138,14.05,Temperate Grassland / Sedgeland,20:54:00,0.04950052000000227,0.013129800000001524
108463,2008-01-26,07:58:37,232.0,-38.444874,146.255509,-32.200001,C255535,-38.40209948,146.2593138,14.05,Temperate Grassland / Sedgeland,20:54:00,0.042774520000001814,0.00380480000001171
108493,2008-01-26,07:58:37,624.0,-38.397783,146.27029,-10.0,C255535,-38.40209948,146.2593138,14.05,Temperate Grassland / Sedgeland,20:54:00,-0.004316479999999956,-0.010976199999987557
108494,2008-01-26,07:58:37,624.0,-38.397783,146.27029,-10.0,C1075335,-38.38064601,146.2729739,14.05,Eaten Out Grass,21:21:00,0.017136989999997354,0.002683900000022277
108573,2008-01-26,07:58:55,281.0,-38.432629,146.272304,-31.9,C255535,-38.40209948,146.2593138,14.05,Temperate Grassland / Sedgeland,20:54:00,0.030529520000001753,-0.012990199999990182
108903,2008-01-26,08:00:29,538.0,-38.370255,146.292747,-19.1,C255535,-38.40209948,146.2593138,14.05,Temperate Grassland / Sedgeland,20:54:00,-0.03184447999999662,-0.03343319999999039
108904,2008-01-26,08:00:29,538.0,-38.370255,146.292747,-19.1,C1075335,-38.38064601,146.2729739,14.05,Eaten Out Grass,21:21:00,-0.010391009999999312,-0.01977309999998056
108913,2008-01-26,08:00:35,703.0,-38.429012,146.289031,-10.8,C255535,-38.40209948,146.2593138,14.05,Temperate Grassland / Sedgeland,20:54:00,0.026912520000003326,-0.029717199999993227
108914,2008-01-26,08:00:35,703.0,-38.429012,146.289031,-10.8,C1075335,-38.38064601,146.2729739,14.05,Eaten Out Grass,21:21:00,0.048365990000000636,-0.016057099999983393
108923,2008-01-26,08:00:35,880.0,-38.416994,146.255947,-14.8,C255535,-38.40209948,146.2593138,14.05,Temperate Grassland / Sedgeland,20:54:00,0.014894520000005684,0.003366800000009107
108924,2008-01-26,08:00:35,880.0,-38.416994,146.255947,-14.8,C1075335,-38.38064601,146.2729739,14.05,Eaten Out Grass,21:21:00,0.036347990000002994,0.01702690000001894
108933,2008-01-26,08:00:35,948.0,-38.413304,146.279054,-10.2,C255535,-38.40209948,146.2593138,14.05,Temperate Grassland / Sedgeland,20:54:00,0.011204519999999718,-0.019740200000001096
108934,2008-01-26,08:00:35,948.0,-38.413304,146.279054,-10.2,C1075335,-38.38064601,146.2729739,14.05,Eaten Out Grass,21:21:00,0.03265798999999703,-0.006080099999991262
108993,2008-01-26,08:00:48,311.0,-38.438069,146.242998,-8.1000004,C255535,-38.40209948,146.2593138,14.05,Temperate Grassland / Sedgeland,20:54:00,0.035969520000001864,0.01631580000000099
109023,2008-01-26,08:00:48,485.0,-38.449628,146.229285,-19.700001,C255535,-38.40209948,146.2593138,14.05,Temperate Grassland / Sedgeland,20:54:00,0.047528520000000185,0.030028799999996636
109043,2008-01-26,08:00:52,789.0,-38.401522,146.260465,-15.0,C255535,-38.40209948,146.2593138,14.05,Temperate Grassland / Sedgeland,20:54:00,-0.0005774799999969105,-0.0011512000000095668
109044,2008-01-26,08:00:52,789.0,-38.401522,146.260465,-15.0,C1075335,-38.38064601,146.2729739,14.05,Eaten Out Grass,21:21:00,0.0208759900000004,0.012508900000000267
109353,2008-01-26,08:02:14,688.0,-38.449113,146.21623,-9.3999996,C255535,-38.40209948,146.2593138,14.05,Temperate Grassland / Sedgeland,20:54:00,0.04701352000000014,0.04308380000000511
109503,2008-01-26,08:03:02,409.0,-38.449148,146.225833,-37.200001,C255535,-38.40209948,146.2593138,14.05,Temperate Grassland / Sedgeland,20:54:00,0.047048520000004146,0.03348080000000664
109613,2008-01-26,08:03:25,212.0,-38.45163,146.237878,-24.200001,C255535,-38.40209948,146.2593138,14.05,Temperate Grassland / Sedgeland,20:54:00,0.049530520000004685,0.02143580000000611
109704,2008-01-26,08:03:42,689.0,-38.417584,146.317572,-12.1,C1075335,-38.38064601,146.2729739,14.05,Eaten Out Grass,21:21:00,0.03693798999999842,-0.04459810000000175
109894,2008-01-26,08:04:12,755.0,-38.336508,146.316365,-24.6,C1075335,-38.38064601,146.2729739,14.05,Eaten Out Grass,21:21:00,-0.04413800999999751,-0.04339109999997959
109934,2008-01-26,08:04:12,874.0,-38.336599,146.320633,-15.1,C1075335,-38.38064601,146.2729739,14.05,Eaten Out Grass,21:21:00,-0.04404700999999989,-0.04765909999997575
110023,2008-01-26,08:04:25,115.0,-38.419133,146.284551,11.1999998,C255535,-38.40209948,146.2593138,14.05,Temperate Grassland / Sedgeland,20:54:00,0.017033520000005353,-0.0252371999999923
110024,2008-01-26,08:04:25,115.0,-38.419133,146.284551,11.1999998,C1075335,-38.38064601,146.2729739,14.05,Eaten Out Grass,21:21:00,0.03848699000000266,-0.011577099999982465
110043,2008-01-26,08:04:39,267.0,-38.406359,146.293132,-7.6999998,C255535,-38.40209948,146.2593138,14.05,Temperate Grassland / Sedgeland,20:54:00,0.004259520000005068,-0.03381820000001312
110044,2008-01-26,08:04:39,267.0,-38.406359,146.293132,-7.6999998,C1075335,-38.38064601,146.2729739,14.05,Eaten Out Grass,21:21:00,0.025712990000002378,-0.020158100000003287
110234,2008-01-26,08:05:50,605.0,-38.407223,146.314942,-8.6000004,C1075335,-38.38064601,146.2729739,14.05,Eaten Out Grass,21:21:00,0.026576990000002354,-0.04196809999999118
110433,2008-01-26,08:07:13,787.0,-38.355483,146.280081,-10.8,C255535,-38.40209948,146.2593138,14.05,Temperate Grassland / Sedgeland,20:54:00,-0.046616479999997296,-0.020767199999994546
110434,2008-01-26,08:07:13,787.0,-38.355483,146.280081,-10.8,C1075335,-38.38064601,146.2729739,14.05,Eaten Out Grass,21:21:00,-0.025163009999999986,-0.007107099999984712
110443,2008-01-26,08:07:14,25.0,-38.404321,146.296521,-8.6999998,C255535,-38.40209948,146.2593138,14.05,Temperate Grassland / Sedgeland,20:54:00,0.002221520000006194,-0.03720720000001165
110444,2008-01-26,08:07:14,25.0,-38.404321,146.296521,-8.6999998,C1075335,-38.38064601,146.2729739,14.05,Eaten Out Grass,21:21:00,0.023674990000003504,-0.02354710000000182
110513,2008-01-26,08:07:44,598.0,-38.41714,146.265581,-41.599998,C255535,-38.40209948,146.2593138,14.05,Temperate Grassland / Sedgeland,20:54:00,0.015040520000006552,-0.006267199999996365
110514,2008-01-26,08:07:44,598.0,-38.41714,146.265581,-41.599998,C1075335,-38.38064601,146.2729739,14.05,Eaten Out Grass,21:21:00,0.03649399000000386,0.007392900000013469
110533,2008-01-26,08:07:44,767.0,-38.439672,146.247496,-14.5,C255535,-38.40209948,146.2593138,14.05,Temperate Grassland / Sedgeland,20:54:00,0.03757252000000477,0.011817799999988665
111183,2008-01-26,08:11:41,555.0,-38.432536,146.302682,-24.799999,C255535,-38.40209948,146.2593138,14.05,Temperate Grassland / Sedgeland,20:54:00,0.030436520000002076,-0.0433682000000033
111374,2008-01-26,08:12:53,57.0,-38.374475,146.315074,-6.4000001,C1075335,-38.38064601,146.2729739,14.05,Eaten Out Grass,21:21:00,-0.006171010000002752,-0.042100099999998974
111514,2008-01-26,08:13:50,650.0,-38.347833,146.316001,-20.4,C1075335,-38.38064601,146.2729739,14.05,Eaten Out Grass,21:21:00,-0.032813009999998144,-0.043027099999989105
111844,2008-01-26,08:15:22,362.0,-38.418779,146.310327,-38.299999,C1075335,-38.38064601,146.2729739,14.05,Eaten Out Grass,21:21:00,0.038132990000001143,-0.037353099999990036
112498,2008-01-26,08:18:34,755.0,-38.296771,146.512604,-6.9000001,C255479,-38.27764811,146.5479589,8.13,Woodland Grass/Herb-rich,17:37:00,0.01912288999999845,0.03535489999998731
112678,2008-01-26,08:19:18,839.0,-38.276179,146.504107,-10.6,C255479,-38.27764811,146.5479589,8.13,Woodland Grass/Herb-rich,17:37:00,-0.0014691100000021606,0.04385189999999284
113258,2008-01-26,08:21:52,704.0,-38.306566,146.507804,-30.700001,C255479,-38.27764811,146.5479589,8.13,Woodland Grass/Herb-rich,17:37:00,0.02891788999999534,0.040154900000004545
113408,2008-01-26,08:23:15,263.0,-38.299097,146.522719,20.2000008,C255479,-38.27764811,146.5479589,8.13,Woodland Grass/Herb-rich,17:37:00,0.021448890000002052,0.025239900000002535
115247,2008-01-26,08:36:19,715.0,-37.119156,142.520384,-4.4000001,D567784,-37.0793,142.4726,23.85,Woodland Grass/Herb-rich,17:30:00,0.03985599999999323,-0.047784000000007154
116778,2008-01-26,08:49:52,899.0,-38.283925,146.533702,-15.9,C255479,-38.27764811,146.5479589,8.13,Woodland Grass/Herb-rich,17:37:00,0.006276890000002311,0.014256899999992356
136853,2008-01-30,08:15:12,685.0,-35.954664,147.38554,-8.3000002,D569302,-35.9862,147.3694,12.99,Temperate Grassland / Sedgeland,19:40:00,-0.03153599999999557,-0.016139999999978727
136965,2008-01-30,08:19:06,438.0,-35.937985,147.37901,-12.5,D569302,-35.9862,147.3694,12.99,Temperate Grassland / Sedgeland,19:40:00,-0.04821499999999901,-0.0096099999999808
136966,2008-01-30,08:19:10,361.0,-35.948474,147.409852,-7.0999999,D569302,-35.9862,147.3694,12.99,Temperate Grassland / Sedgeland,19:40:00,-0.03772599999999926,-0.04045199999998772
137039,2008-01-30,08:22:08,745.0,-35.938446,147.407445,-14.4,D569302,-35.9862,147.3694,12.99,Temperate Grassland / Sedgeland,19:40:00,-0.04775399999999763,-0.038044999999982565
137111,2008-01-30,08:24:08,298.0,-35.954923,147.33952,-11.6,D569302,-35.9862,147.3694,12.99,Temperate Grassland / Sedgeland,19:40:00,-0.03127699999999578,0.02988000000001989
137122,2008-01-30,08:24:27,129.0,-35.954916,147.380804,-12.1,D569302,-35.9862,147.3694,12.99,Temperate Grassland / Sedgeland,19:40:00,-0.03128399999999942,-0.01140399999999886
137165,2008-01-30,08:25:46,97.0,-35.999846,147.389858,-9.0,D569302,-35.9862,147.3694,12.99,Temperate Grassland / Sedgeland,19:40:00,0.01364600000000138,-0.02045799999999076
137237,2008-01-30,08:27:38,328.0,-35.989513,147.397535,-56.400002,D569302,-35.9862,147.3694,12.99,Temperate Grassland / Sedgeland,19:40:00,0.0033130000000056725,-0.028134999999991805
137238,2008-01-30,08:27:38,550.0,-35.986804,147.408125,-11.2,D569302,-35.9862,147.3694,12.99,Temperate Grassland / Sedgeland,19:40:00,0.0006040000000027135,-0.038724999999999454
137246,2008-01-30,08:27:42,913.0,-35.950444,147.393555,-19.200001,D569302,-35.9862,147.3694,12.99,Temperate Grassland / Sedgeland,19:40:00,-0.03575599999999923,-0.024154999999979054
137276,2008-01-30,08:28:17,948.0,-35.942748,147.412453,-10.0,D569302,-35.9862,147.3694,12.99,Temperate Grassland / Sedgeland,19:40:00,-0.04345199999999494,-0.04305299999998624
137315,2008-01-30,08:29:32,819.0,-36.034884,147.373295,-8.5,D569302,-35.9862,147.3694,12.99,Temperate Grassland / Sedgeland,19:40:00,0.048684000000001504,-0.003894999999999982
145759,2008-01-31,02:51:21,670.0,-36.374448,146.377991,-14.1,C256059,-36.38376031,146.3678188,9.18,Temperate Grassland / Sedgeland,14:07:00,-0.009312309999998547,-0.01017219999999952
145933,2008-01-31,02:58:25,673.0,-36.413982,146.364115,-5.5999999,C256059,-36.38376031,146.3678188,9.18,Temperate Grassland / Sedgeland,14:07:00,0.030221689999997636,0.003703800000010915
145936,2008-01-31,02:58:25,771.0,-36.421475,146.32216,-15.8,C256059,-36.38376031,146.3678188,9.18,Temperate Grassland / Sedgeland,14:07:00,0.03771469000000138,0.045658800000012434
146170,2008-01-31,03:06:25,697.0,-36.412233,146.350488,-9.3000002,C256059,-36.38376031,146.3678188,9.18,Temperate Grassland / Sedgeland,14:07:00,0.028472690000000966,0.017330799999996316
146212,2008-01-31,03:07:53,394.0,-36.37946,146.417352,-14.6,C256059,-36.38376031,146.3678188,9.18,Temperate Grassland / Sedgeland,14:07:00,-0.0043003099999978645,-0.049533199999984845
151544,2008-01-31,04:25:10,920.0,-36.108483,147.348819,-26.200001,569374-1075341,-36.0847,147.3054,3.84,Temperate Grassland / Sedgeland,16:05:00,0.023783000000001664,-0.043419000000000096
151550,2008-01-31,04:25:10,990.0,-36.105129,147.344532,-16.799999,569374-1075341,-36.0847,147.3054,3.84,Temperate Grassland / Sedgeland,16:05:00,0.02042900000000003,-0.03913199999999506
151703,2008-01-31,04:26:25,756.0,-36.101767,147.259431,-20.5,569374-1075341,-36.0847,147.3054,3.84,Temperate Grassland / Sedgeland,16:05:00,0.017067000000004384,0.04596899999998527
151967,2008-01-31,04:28:48,416.0,-36.071532,147.316007,-13.5,569374-1075341,-36.0847,147.3054,3.84,Temperate Grassland / Sedgeland,16:05:00,-0.01316800000000029,-0.010607000000021571
152084,2008-01-31,04:30:06,67.0,-36.122773,147.290815,-7.8000002,569374-1075341,-36.0847,147.3054,3.84,Temperate Grassland / Sedgeland,16:05:00,0.03807300000000424,0.014584999999982529
152093,2008-01-31,04:30:20,816.0,-36.105431,147.298072,-17.4,569374-1075341,-36.0847,147.3054,3.84,Temperate Grassland / Sedgeland,16:05:00,0.02073100000000494,0.007328000000001111
152165,2008-01-31,04:31:17,505.0,-36.121986,147.289493,-24.200001,569374-1075341,-36.0847,147.3054,3.84,Temperate Grassland / Sedgeland,16:05:00,0.03728600000000171,0.01590699999999856
152372,2008-01-31,04:33:34,566.0,-36.115013,147.283665,-16.0,569374-1075341,-36.0847,147.3054,3.84,Temperate Grassland / Sedgeland,16:05:00,0.03031299999999959,0.0217349999999783
152378,2008-01-31,04:33:34,787.0,-36.115198,147.294032,-10.8,569374-1075341,-36.0847,147.3054,3.84,Temperate Grassland / Sedgeland,16:05:00,0.03049800000000147,0.011368000000004486
152381,2008-01-31,04:33:34,894.0,-36.116891,147.288533,-21.200001,569374-1075341,-36.0847,147.3054,3.84,Temperate Grassland / Sedgeland,16:05:00,0.03219100000000452,0.01686699999999064
152774,2008-01-31,04:40:58,888.0,-36.123958,147.343717,-13.5,569374-1075341,-36.0847,147.3054,3.84,Temperate Grassland / Sedgeland,16:05:00,0.03925800000000379,-0.038317000000006374
152879,2008-01-31,04:42:49,577.0,-36.131658,147.289507,-15.5,569374-1075341,-36.0847,147.3054,3.84,Temperate Grassland / Sedgeland,16:05:00,0.04695800000000361,0.015893000000005486
153236,2008-01-31,04:47:19,833.0,-36.109386,147.317666,-18.700001,569374-1075341,-36.0847,147.3054,3.84,Temperate Grassland / Sedgeland,16:05:00,0.02468600000000265,-0.01226600000001099
